,station,time,latitude [degrees_north],longitude [degrees_east],elevation [feet],temp_2m_max [degF],temp_2m_min [degF],temp_2m_avg [degF],temp_9m_max [degF],temp_9m_min [degF],temp_9m_avg [degF],relative_humidity_max [percent],relative_humidity_min [percent],relative_humidity_avg [percent],dewpoint_max [degF],dewpoint_min [degF],dewpoint_avg [degF],precip_total [inch],wind_speed_prop_avg [mile/hr],wind_speed_prop_max [mile/hr],wind_direction_prop_avg [degrees],frozen_soil_05cm_count_5min [count],frozen_soil_25cm_count_5min [count],frozen_soil_50cm_count_5min [count],soil_temp_05cm_max [degF],soil_temp_05cm_min [degF],soil_temp_05cm_avg [degF],soil_temp_25cm_max [degF],soil_temp_25cm_min [degF],soil_temp_25cm_avg [degF],soil_temp_50cm_max [degF],soil_temp_50cm_min [degF],soil_temp_50cm_avg [degF],solar_insolation_total [MJ/m^2]
13649,BKBROW,2025-01-01 EST,40.672,-73.898,24,52.3,40,46.5,NA,NA,NA,94,44.2,72.6,47.1,22.1,37.7,0,NA,NA,NA,0,NA,NA,50.7,46.9,49,NA,NA,NA,NA,NA,NA,NA
13650,BKBROW,2025-01-02 EST,40.672,-73.898,24,45.9,34.2,39.3,NA,NA,NA,64.6,34.5,48.3,28.3,17,21.1,0,NA,NA,NA,0,NA,NA,48,43.9,45.8,NA,NA,NA,NA,NA,NA,NA
13651,BKBROW,2025-01-03 EST,40.672,-73.898,24,40.9,31.8,35.7,NA,NA,NA,64.7,36.9,49.7,23.1,15.5,18.4,0,NA,NA,NA,0,NA,NA,47.1,42.3,44.1,NA,NA,NA,NA,NA,NA,NA
13652,BKBROW,2025-01-04 EST,40.672,-73.898,24,36.9,28.8,32,NA,NA,NA,54.6,29.4,38.3,17.3,4.9,9,0,NA,NA,NA,0,NA,NA,43.9,40.5,42.1,NA,NA,NA,NA,NA,NA,NA
13653,BKBROW,2025-01-05 EST,40.672,-73.898,24,34.6,28,30.6,NA,NA,NA,53.9,36.6,45.1,15.2,8.5,11.7,0,NA,NA,NA,0,NA,NA,41.9,39.2,40.3,NA,NA,NA,NA,NA,NA,NA
13654,BKBROW,2025-01-06 EST,40.672,-73.898,24,31.6,24.4,29.6,NA,NA,NA,90.2,53.4,67.1,27.9,10.7,19.8,0.051,NA,NA,NA,0,NA,NA,39.5,38.8,39.1,NA,NA,NA,NA,NA,NA,NA
13655,BKBROW,2025-01-07 EST,40.672,-73.898,24,34.1,20.2,27.3,NA,NA,NA,56.1,38.8,47.7,12.4,6.1,9.8,0,NA,NA,NA,0,NA,NA,40.3,37.2,38.4,NA,NA,NA,NA,NA,NA,NA
13656,BKBROW,2025-01-08 EST,40.672,-73.898,24,32.4,23.5,27.1,NA,NA,NA,46.4,29.8,39.8,10,3,5.6,0,NA,NA,NA,0,NA,NA,39.7,37,38,NA,NA,NA,NA,NA,NA,NA
13657,BKBROW,2025-01-09 EST,40.672,-73.898,24,34.7,23.3,28.7,NA,NA,NA,55.6,36.6,46.2,15.3,5.3,10.5,0,NA,NA,NA,0,NA,NA,39.4,36.5,37.7,NA,NA,NA,NA,NA,NA,NA
13658,BKBROW,2025-01-10 EST,40.672,-73.898,24,41.9,28.4,34.8,NA,NA,NA,57.2,33.6,45.5,18.3,13.6,15.4,0,NA,NA,NA,0,NA,NA,41.4,36.8,38.8,NA,NA,NA,NA,NA,NA,NA
13659,BKBROW,2025-01-11 EST,40.672,-73.898,24,37.3,29.3,33.4,NA,NA,NA,86.3,47.3,61.5,26.2,16.6,21.2,0.013,NA,NA,NA,0,NA,NA,41,39.2,39.9,NA,NA,NA,NA,NA,NA,NA
13660,BKBROW,2025-01-12 EST,40.672,-73.898,24,44.4,31.4,38,NA,NA,NA,63.2,38.9,50.1,22.7,17.3,20.8,0,NA,NA,NA,0,NA,NA,43.5,37.9,40.5,NA,NA,NA,NA,NA,NA,NA
13661,BKBROW,2025-01-13 EST,40.672,-73.898,24,42.4,34.3,38.4,NA,NA,NA,61.9,38.9,52.4,23.9,14,22.3,0,NA,NA,NA,0,NA,NA,41.9,40.1,41.1,NA,NA,NA,NA,NA,NA,NA
13662,BKBROW,2025-01-14 EST,40.672,-73.898,24,36.8,26.4,31.9,NA,NA,NA,52,27.4,38.4,17.4,4.5,9,0,NA,NA,NA,0,NA,NA,42.7,38.1,40.1,NA,NA,NA,NA,NA,NA,NA
13663,BKBROW,2025-01-15 EST,40.672,-73.898,24,34.7,23.9,28.7,NA,NA,NA,52.8,30.9,41.9,10.4,5.6,8.2,0,NA,NA,NA,0,NA,NA,40.8,37.2,38.8,NA,NA,NA,NA,NA,NA,NA
13664,BKBROW,2025-01-16 EST,40.672,-73.898,24,31.1,24.9,28.1,NA,NA,NA,76.9,38,56.1,22.2,7.7,14.1,0,NA,NA,NA,0,NA,NA,38.5,36.5,37.4,NA,NA,NA,NA,NA,NA,NA
13665,BKBROW,2025-01-17 EST,40.672,-73.898,24,42.8,27.5,35.2,NA,NA,NA,75.1,43,56.8,26.3,17.6,21,0,NA,NA,NA,0,NA,NA,42.1,36.3,38.8,NA,NA,NA,NA,NA,NA,NA
13666,BKBROW,2025-01-18 EST,40.672,-73.898,24,45.8,35.9,41.7,NA,NA,NA,95.1,51.7,81.2,44.2,20.5,36.1,0.129,NA,NA,NA,0,NA,NA,41.5,38.8,40.2,NA,NA,NA,NA,NA,NA,NA
13667,BKBROW,2025-01-19 EST,40.672,-73.898,24,42.2,27.3,37,NA,NA,NA,95.5,63.6,81.2,38.4,23.9,31.5,0.3,NA,NA,NA,0,NA,NA,41.9,39.4,40.7,NA,NA,NA,NA,NA,NA,NA
13668,BKBROW,2025-01-20 EST,40.672,-73.898,24,28.2,18.6,22.9,NA,NA,NA,86.6,39.7,54.2,23.9,1,8.2,0.006,NA,NA,NA,0,NA,NA,39.6,37.2,38.8,NA,NA,NA,NA,NA,NA,NA
13669,BKBROW,2025-01-21 EST,40.672,-73.898,24,20.9,13,17.4,NA,NA,NA,55.4,35.3,44.1,2,-3.4,-0.9,0,NA,NA,NA,0,NA,NA,37.2,35.2,35.8,NA,NA,NA,NA,NA,NA,NA
13670,BKBROW,2025-01-22 EST,40.672,-73.898,24,23,14.2,18.5,NA,NA,NA,48.9,31.5,40.6,0.7,-6,-1.7,0,NA,NA,NA,0,NA,NA,35.2,34.3,34.6,NA,NA,NA,NA,NA,NA,NA
13671,BKBROW,2025-01-23 EST,40.672,-73.898,24,29.7,18.9,24.4,NA,NA,NA,52.7,28.2,44.6,12.1,-0.3,5.7,0,NA,NA,NA,0,NA,NA,34.5,34,34.2,NA,NA,NA,NA,NA,NA,NA
13672,BKBROW,2025-01-24 EST,40.672,-73.898,24,35.2,23.5,29.1,NA,NA,NA,61.8,33,45.3,13.5,8,10,0,NA,NA,NA,0,NA,NA,34.2,34,34,NA,NA,NA,NA,NA,NA,NA
13673,BKBROW,2025-01-25 EST,40.672,-73.898,24,33.1,23.1,29.2,NA,NA,NA,62.2,32.5,44.8,17,5.2,10,0,NA,NA,NA,0,NA,NA,34.9,34.2,34.5,NA,NA,NA,NA,NA,NA,NA
13674,BKBROW,2025-01-26 EST,40.672,-73.898,24,43.4,31.8,36.5,NA,NA,NA,59.9,30.3,47.7,20.4,14.1,18.1,0,NA,NA,NA,0,NA,NA,36.7,34.7,35.3,NA,NA,NA,NA,NA,NA,NA
13675,BKBROW,2025-01-27 EST,40.672,-73.898,24,41.8,31.7,37.1,NA,NA,NA,54.5,20.1,38.5,22.1,3,13.1,0,NA,NA,NA,0,NA,NA,39.4,34.9,36.6,NA,NA,NA,NA,NA,NA,NA
13676,BKBROW,2025-01-28 EST,40.672,-73.898,24,45.7,34.3,39.1,NA,NA,NA,57.4,25.6,38.8,23.4,11.7,15.7,0,NA,NA,NA,0,NA,NA,42.4,36.3,38.6,NA,NA,NA,NA,NA,NA,NA
13677,BKBROW,2025-01-29 EST,40.672,-73.898,24,53.6,33,43.8,NA,NA,NA,68.8,26.7,42.4,29.4,9.2,21.7,0,NA,NA,NA,0,NA,NA,43.7,38.1,40.5,NA,NA,NA,NA,NA,NA,NA
13678,BKBROW,2025-01-30 EST,40.672,-73.898,24,38.9,26.7,33.5,NA,NA,NA,75.3,27.6,39.6,31.8,4.2,10.7,0,NA,NA,NA,0,NA,NA,43.2,37.2,39.9,NA,NA,NA,NA,NA,NA,NA
13679,BKBROW,2025-01-31 EST,40.672,-73.898,24,48,39,43.5,NA,NA,NA,97,75.8,89.3,46.6,32,40.5,0.126,NA,NA,NA,0,NA,NA,42.8,39.7,41.2,NA,NA,NA,NA,NA,NA,NA
13680,BKMAPL,2025-01-01 EST,40.623,-73.975,52,50.5,39.7,45.9,NA,NA,NA,96.2,44.1,74.1,46.9,22.2,37.6,0.007,NA,NA,NA,NA,NA,NA,NA,NA,NA,NA,NA,NA,NA,NA,NA,3.2
13681,BKMAPL,2025-01-02 EST,40.623,-73.975,52,44.3,33.8,38.5,NA,NA,NA,64.2,37.2,48.9,27.9,16.9,20.7,0.012,NA,NA,NA,NA,NA,NA,NA,NA,NA,NA,NA,NA,NA,NA,NA,6.2
13682,BKMAPL,2025-01-03 EST,40.623,-73.975,52,39.6,31,34.9,NA,NA,NA,65.6,40.7,51.6,22.6,15.6,18.5,0.009,NA,NA,NA,NA,NA,NA,NA,NA,NA,NA,NA,NA,NA,NA,NA,8.1
13683,BKMAPL,2025-01-04 EST,40.623,-73.975,52,34.7,28.2,31.2,NA,NA,NA,60.9,30.9,40.3,19,5.1,9.5,0.044,NA,NA,NA,NA,NA,NA,NA,NA,NA,NA,NA,NA,NA,NA,NA,6.4
13684,BKMAPL,2025-01-05 EST,40.623,-73.975,52,34.8,27.2,30,NA,NA,NA,53.9,36.7,46.2,14.6,8.2,11.7,0.038,NA,NA,NA,NA,NA,NA,NA,NA,NA,NA,NA,NA,NA,NA,NA,7.3
13685,BKMAPL,2025-01-06 EST,40.623,-73.975,52,31.5,22.8,28.9,NA,NA,NA,92.6,53.7,69.3,27.8,9.2,19.8,0.085,NA,NA,NA,NA,NA,NA,NA,NA,NA,NA,NA,NA,NA,NA,NA,1.2
13686,BKMAPL,2025-01-07 EST,40.623,-73.975,52,34.2,19.4,26.7,NA,NA,NA,58.7,40.8,50.3,13.7,6.7,10.5,0.003,NA,NA,NA,NA,NA,NA,NA,NA,NA,NA,NA,NA,NA,NA,NA,8.9
13687,BKMAPL,2025-01-08 EST,40.623,-73.975,52,30.9,22.8,26.3,NA,NA,NA,49.8,32,42.9,10.8,3.4,6.6,0.043,NA,NA,NA,NA,NA,NA,NA,NA,NA,NA,NA,NA,NA,NA,NA,7.7
13688,BKMAPL,2025-01-09 EST,40.623,-73.975,52,35.7,22.7,28.3,NA,NA,NA,58.7,40.8,48.6,16,6.1,11.2,0.009,NA,NA,NA,NA,NA,NA,NA,NA,NA,NA,NA,NA,NA,NA,NA,8.8
13689,BKMAPL,2025-01-10 EST,40.623,-73.975,52,40.7,27.7,33.7,NA,NA,NA,59.5,35.2,48.1,17.8,14.3,15.7,0.011,NA,NA,NA,NA,NA,NA,NA,NA,NA,NA,NA,NA,NA,NA,NA,8
13690,BKMAPL,2025-01-11 EST,40.623,-73.975,52,36.6,28.3,32.2,NA,NA,NA,90,50.7,65.1,26.5,17,21.4,0.046,NA,NA,NA,NA,NA,NA,NA,NA,NA,NA,NA,NA,NA,NA,NA,4.7
13691,BKMAPL,2025-01-12 EST,40.623,-73.975,52,43.1,31.2,37.1,NA,NA,NA,66.4,42.6,53.7,23.6,18.4,21.6,0.016,NA,NA,NA,NA,NA,NA,NA,NA,NA,NA,NA,NA,NA,NA,NA,8.2
13692,BKMAPL,2025-01-13 EST,40.623,-73.975,52,42.8,32.5,37.4,NA,NA,NA,68.2,44.6,55.5,26,16.6,22.7,0.025,NA,NA,NA,NA,NA,NA,NA,NA,NA,NA,NA,NA,NA,NA,NA,3.5
13693,BKMAPL,2025-01-14 EST,40.623,-73.975,52,35.9,25.2,30.8,NA,NA,NA,54,31.2,40.7,16.7,5.7,9.4,0.019,NA,NA,NA,NA,NA,NA,NA,NA,NA,NA,NA,NA,NA,NA,NA,9.3
13694,BKMAPL,2025-01-15 EST,40.623,-73.975,52,34.1,22.3,27.8,NA,NA,NA,57,34.4,44.7,10.8,5.8,8.8,0.034,NA,NA,NA,NA,NA,NA,NA,NA,NA,NA,NA,NA,NA,NA,NA,8.9
13695,BKMAPL,2025-01-16 EST,40.623,-73.975,52,30.6,23.5,27.2,NA,NA,NA,81.8,41.5,59.5,23.4,9.6,14.6,0.058,NA,NA,NA,NA,NA,NA,NA,NA,NA,NA,NA,NA,NA,NA,NA,5.8
13696,BKMAPL,2025-01-17 EST,40.623,-73.975,52,43.3,25.8,33.8,NA,NA,NA,81.4,44,62.5,26.2,18.8,22,0.022,NA,NA,NA,NA,NA,NA,NA,NA,NA,NA,NA,NA,NA,NA,NA,9.3
13697,BKMAPL,2025-01-18 EST,40.623,-73.975,52,44.7,34.3,40.7,NA,NA,NA,97.3,56.3,83.5,43.5,21.3,35.9,0.07,NA,NA,NA,NA,NA,NA,NA,NA,NA,NA,NA,NA,NA,NA,NA,1.4
13698,BKMAPL,2025-01-19 EST,40.623,-73.975,52,41.4,25.4,36.2,NA,NA,NA,98,64.4,84.5,37.8,22.4,31.8,0.238,NA,NA,NA,NA,NA,NA,NA,NA,NA,NA,NA,NA,NA,NA,NA,2
13699,BKMAPL,2025-01-20 EST,40.623,-73.975,52,27.6,17.2,21.8,NA,NA,NA,88.3,37.9,54.5,22.3,-0.7,7.3,0.072,NA,NA,NA,NA,NA,NA,NA,NA,NA,NA,NA,NA,NA,NA,NA,8.9
13700,BKMAPL,2025-01-21 EST,40.623,-73.975,52,19.4,11.3,15.8,NA,NA,NA,57.6,33.8,45.2,0.3,-5,-1.9,0.047,NA,NA,NA,NA,NA,NA,NA,NA,NA,NA,NA,NA,NA,NA,NA,5.6
13701,BKMAPL,2025-01-22 EST,40.623,-73.975,52,21.1,13.4,17.3,NA,NA,NA,51.1,28,41.2,0,-7.4,-2.6,0.058,NA,NA,NA,NA,NA,NA,NA,NA,NA,NA,NA,NA,NA,NA,NA,9.4
13702,BKMAPL,2025-01-23 EST,40.623,-73.975,52,29.5,17.6,23.2,NA,NA,NA,53.5,29.2,45.4,12.1,-1.2,5,0.065,NA,NA,NA,NA,NA,NA,NA,NA,NA,NA,NA,NA,NA,NA,NA,8.3
13703,BKMAPL,2025-01-24 EST,40.623,-73.975,52,33.8,22.1,27.7,NA,NA,NA,65.4,35.7,48.6,14,8.5,10.4,0.034,NA,NA,NA,NA,NA,NA,NA,NA,NA,NA,NA,NA,NA,NA,NA,10.2
13704,BKMAPL,2025-01-25 EST,40.623,-73.975,52,32.4,21.4,28,NA,NA,NA,60.9,32.4,48.3,18.2,5.6,10.6,0.042,NA,NA,NA,NA,NA,NA,NA,NA,NA,NA,NA,NA,NA,NA,NA,9.6
13705,BKMAPL,2025-01-26 EST,40.623,-73.975,52,43.2,30.6,35.6,NA,NA,NA,65.2,31.3,50.8,23.4,14.5,18.6,0.01,NA,NA,NA,NA,NA,NA,NA,NA,NA,NA,NA,NA,NA,NA,NA,4.8
13706,BKMAPL,2025-01-27 EST,40.623,-73.975,52,41.8,31,36,NA,NA,NA,66.2,20.6,43.8,23.5,3.9,15.1,0.015,NA,NA,NA,NA,NA,NA,NA,NA,NA,NA,NA,NA,NA,NA,NA,10.8
13707,BKMAPL,2025-01-28 EST,40.623,-73.975,52,43.8,34.9,38.5,NA,NA,NA,62,28.1,41.5,25.4,10.9,16.7,0.008,NA,NA,NA,NA,NA,NA,NA,NA,NA,NA,NA,NA,NA,NA,NA,9.3
13708,BKMAPL,2025-01-29 EST,40.623,-73.975,52,53.1,32.8,42.8,NA,NA,NA,65.8,27.8,45.5,28.1,9.6,22.4,0.002,NA,NA,NA,NA,NA,NA,NA,NA,NA,NA,NA,NA,NA,NA,NA,9.5
13709,BKMAPL,2025-01-30 EST,40.623,-73.975,52,37.9,26.1,32.6,NA,NA,NA,75.7,30.2,42.5,30.9,5.1,11.7,0.013,NA,NA,NA,NA,NA,NA,NA,NA,NA,NA,NA,NA,NA,NA,NA,10.7
13710,BKMAPL,2025-01-31 EST,40.623,-73.975,52,47.4,37.9,43,NA,NA,NA,97.8,75.5,90.7,46.6,30.8,40.4,0.128,NA,NA,NA,NA,NA,NA,NA,NA,NA,NA,NA,NA,NA,NA,NA,1.2
13711,BKNYRD,2025-01-01 EST,40.705,-73.984,33,50.2,39.9,45.8,NA,NA,NA,95.1,43.3,73.2,46.4,21.5,37.1,0,NA,NA,NA,NA,NA,NA,NA,NA,NA,NA,NA,NA,NA,NA,NA,3.4
13712,BKNYRD,2025-01-02 EST,40.705,-73.984,33,42.6,34,38.6,NA,NA,NA,64.9,36.8,48.9,28.5,16.4,20.7,0,NA,NA,NA,NA,NA,NA,NA,NA,NA,NA,NA,NA,NA,NA,NA,6
13713,BKNYRD,2025-01-03 EST,40.705,-73.984,33,38.4,31.5,34.8,NA,NA,NA,66.2,41.4,51.3,23.1,14.3,18.3,0,NA,NA,NA,NA,NA,NA,NA,NA,NA,NA,NA,NA,NA,NA,NA,8.6
13714,BKNYRD,2025-01-04 EST,40.705,-73.984,33,33.7,28.6,31.2,NA,NA,NA,55.2,31.3,39.3,17.3,4.4,9.1,0,NA,NA,NA,NA,NA,NA,NA,NA,NA,NA,NA,NA,NA,NA,NA,6.5
13715,BKNYRD,2025-01-05 EST,40.705,-73.984,33,34.2,27.6,30,NA,NA,NA,53.4,38,46.2,15.1,8,11.7,0,NA,NA,NA,NA,NA,NA,NA,NA,NA,NA,NA,NA,NA,NA,NA,6.5
13716,BKNYRD,2025-01-06 EST,40.705,-73.984,33,31.3,22.7,28.9,NA,NA,NA,93.4,52.8,68,27.7,8.9,19.4,0.09,NA,NA,NA,NA,NA,NA,NA,NA,NA,NA,NA,NA,NA,NA,NA,1.1
13717,BKNYRD,2025-01-07 EST,40.705,-73.984,33,33.5,19.4,26.5,NA,NA,NA,57.6,40.4,49.5,12.7,5.8,10,0,NA,NA,NA,NA,NA,NA,NA,NA,NA,NA,NA,NA,NA,NA,NA,9.4
13718,BKNYRD,2025-01-08 EST,40.705,-73.984,33,30.2,23.2,26.2,NA,NA,NA,48,33,41.9,10.3,3.3,6.1,0,NA,NA,NA,NA,NA,NA,NA,NA,NA,NA,NA,NA,NA,NA,NA,8.9
13719,BKNYRD,2025-01-09 EST,40.705,-73.984,33,34.1,23,27.9,NA,NA,NA,57,42.4,48.6,15.9,5.3,10.9,0,NA,NA,NA,NA,NA,NA,NA,NA,NA,NA,NA,NA,NA,NA,NA,9.5
13720,BKNYRD,2025-01-10 EST,40.705,-73.984,33,39.9,27.9,33.6,NA,NA,NA,58.2,36,47.3,18,14,15.3,0,NA,NA,NA,NA,NA,NA,NA,NA,NA,NA,NA,NA,NA,NA,NA,8.6
13721,BKNYRD,2025-01-11 EST,40.705,-73.984,33,36.6,28.2,32.4,NA,NA,NA,88.4,47.5,62.7,25.6,16.7,20.7,0.017,NA,NA,NA,NA,NA,NA,NA,NA,NA,NA,NA,NA,NA,NA,NA,4.8
13722,BKNYRD,2025-01-12 EST,40.705,-73.984,33,41.8,31.4,37,NA,NA,NA,64,44.1,52.8,24.2,17.7,21.2,0,NA,NA,NA,NA,NA,NA,NA,NA,NA,NA,NA,NA,NA,NA,NA,8.4
13723,BKNYRD,2025-01-13 EST,40.705,-73.984,33,42.2,33,37.7,NA,NA,NA,65.5,37.4,53.6,24.3,13.5,22.2,0,NA,NA,NA,NA,NA,NA,NA,NA,NA,NA,NA,NA,NA,NA,NA,4.3
13724,BKNYRD,2025-01-14 EST,40.705,-73.984,33,37.2,25.8,30.8,NA,NA,NA,52.2,31.1,40.3,18,5.2,9.2,0,NA,NA,NA,NA,NA,NA,NA,NA,NA,NA,NA,NA,NA,NA,NA,9.9
13725,BKNYRD,2025-01-15 EST,40.705,-73.984,33,33,23.4,27.7,NA,NA,NA,52.8,35.8,44,10.8,5.6,8.5,0,NA,NA,NA,NA,NA,NA,NA,NA,NA,NA,NA,NA,NA,NA,NA,9.5
13726,BKNYRD,2025-01-16 EST,40.705,-73.984,33,30.4,23.8,27.2,NA,NA,NA,79.4,39.9,58.2,22.7,7.5,14.1,0,NA,NA,NA,NA,NA,NA,NA,NA,NA,NA,NA,NA,NA,NA,NA,6.2
13727,BKNYRD,2025-01-17 EST,40.705,-73.984,33,42.2,27.1,34.3,NA,NA,NA,76.9,44.8,59.1,24.7,17.6,21.2,0,NA,NA,NA,NA,NA,NA,NA,NA,NA,NA,NA,NA,NA,NA,NA,9.8
13728,BKNYRD,2025-01-18 EST,40.705,-73.984,33,46.1,35.6,41.7,NA,NA,NA,93.2,52.7,77.9,43.8,20.6,35.1,0.081,NA,NA,NA,NA,NA,NA,NA,NA,NA,NA,NA,NA,NA,NA,NA,1.7
13729,BKNYRD,2025-01-19 EST,40.705,-73.984,33,41.6,25.5,36.4,NA,NA,NA,97.7,68.3,81.1,37.4,20.4,31,0.289,NA,NA,NA,NA,NA,NA,NA,NA,NA,NA,NA,NA,NA,NA,NA,2.5
13730,BKNYRD,2025-01-20 EST,40.705,-73.984,33,26.6,18.2,22,NA,NA,NA,79,34.6,50,19.6,-1.4,5.7,0,NA,NA,NA,NA,NA,NA,NA,NA,NA,NA,NA,NA,NA,NA,NA,8.8
13731,BKNYRD,2025-01-21 EST,40.705,-73.984,33,19.6,11.9,16.2,NA,NA,NA,55,32.7,42.3,-0.3,-6,-3,0,NA,NA,NA,NA,NA,NA,NA,NA,NA,NA,NA,NA,NA,NA,NA,6.3
13732,BKNYRD,2025-01-22 EST,40.705,-73.984,33,20.8,13,17.1,NA,NA,NA,50.3,28.9,39,0,-7.7,-3.8,0,NA,NA,NA,NA,NA,NA,NA,NA,NA,NA,NA,NA,NA,NA,NA,10
13733,BKNYRD,2025-01-23 EST,40.705,-73.984,33,28.6,18.4,23.4,NA,NA,NA,52.5,30.6,42.7,10.7,-1.1,3.8,0,NA,NA,NA,NA,NA,NA,NA,NA,NA,NA,NA,NA,NA,NA,NA,9.3
13734,BKNYRD,2025-01-24 EST,40.705,-73.984,33,33.2,22.8,28.2,NA,NA,NA,60.3,33.9,44.6,12.5,6.6,9,0,NA,NA,NA,NA,NA,NA,NA,NA,NA,NA,NA,NA,NA,NA,NA,11.1
13735,BKNYRD,2025-01-25 EST,40.705,-73.984,33,32.6,22.5,28.5,NA,NA,NA,61.1,34.3,45.1,17.2,5.6,9.6,0,NA,NA,NA,NA,NA,NA,NA,NA,NA,NA,NA,NA,NA,NA,NA,11.1
13736,BKNYRD,2025-01-26 EST,40.705,-73.984,33,43.5,31.3,36.3,NA,NA,NA,62.9,29.8,47.6,21,13.5,17.7,0,NA,NA,NA,NA,NA,NA,NA,NA,NA,NA,NA,NA,NA,NA,NA,5.7
13737,BKNYRD,2025-01-27 EST,40.705,-73.984,33,40.5,31.9,36.3,NA,NA,NA,53.2,22.1,39.4,21.6,4.2,13.1,0,NA,NA,NA,NA,NA,NA,NA,NA,NA,NA,NA,NA,NA,NA,NA,11.7
13738,BKNYRD,2025-01-28 EST,40.705,-73.984,33,42.2,35.4,38.4,NA,NA,NA,53.5,29.7,40.1,21.8,10.7,15.9,0,NA,NA,NA,NA,NA,NA,NA,NA,NA,NA,NA,NA,NA,NA,NA,10.3
13739,BKNYRD,2025-01-29 EST,40.705,-73.984,33,52.2,32.5,42.5,NA,NA,NA,60.4,27,44.5,26.5,9.1,21.7,0,NA,NA,NA,NA,NA,NA,NA,NA,NA,NA,NA,NA,NA,NA,NA,9.1
13740,BKNYRD,2025-01-30 EST,40.705,-73.984,33,38.4,26,32.3,NA,NA,NA,70.1,30.6,40.6,29.4,4.4,10.6,0,NA,NA,NA,NA,NA,NA,NA,NA,NA,NA,NA,NA,NA,NA,NA,11.7
13741,BKNYRD,2025-01-31 EST,40.705,-73.984,33,46.9,38,43.1,NA,NA,NA,95.6,69.6,86.6,45.5,29.4,39.3,0.146,NA,NA,NA,NA,NA,NA,NA,NA,NA,NA,NA,NA,NA,NA,NA,1.5
13742,BXVNST,2025-01-01 EST,40.844,-73.861,82,54.2,40.4,46.2,NA,NA,NA,97.2,44.4,72.5,45.9,21.2,37.2,0,NA,NA,NA,NA,NA,NA,NA,NA,NA,NA,NA,NA,NA,NA,NA,5.4
13743,BXVNST,2025-01-02 EST,40.844,-73.861,82,44.8,34,39.1,NA,NA,NA,61.1,34.8,47.3,27.2,16.3,20.5,0,NA,NA,NA,NA,NA,NA,NA,NA,NA,NA,NA,NA,NA,NA,NA,5.2
13744,BXVNST,2025-01-03 EST,40.844,-73.861,82,41.3,31.1,35.7,NA,NA,NA,61.3,36,47.6,20.5,15.1,17.5,0.002,NA,NA,NA,NA,NA,NA,NA,NA,NA,NA,NA,NA,NA,NA,NA,7.5
13745,BXVNST,2025-01-04 EST,40.844,-73.861,82,34.5,28.7,31.3,NA,NA,NA,56,28.3,38.7,17.2,4.3,8.7,0,NA,NA,NA,NA,NA,NA,NA,NA,NA,NA,NA,NA,NA,NA,NA,6.3
13746,BXVNST,2025-01-05 EST,40.844,-73.861,82,34.6,28.3,30.6,NA,NA,NA,54.1,36.5,44.9,15.7,7.7,11.7,0.002,NA,NA,NA,NA,NA,NA,NA,NA,NA,NA,NA,NA,NA,NA,NA,7.5
13747,BXVNST,2025-01-06 EST,40.844,-73.861,82,31.5,21.9,28.7,NA,NA,NA,87.6,54.2,65.5,25.8,9.3,18.4,0.044,NA,NA,NA,NA,NA,NA,NA,NA,NA,NA,NA,NA,NA,NA,NA,1.8
13748,BXVNST,2025-01-07 EST,40.844,-73.861,82,33.8,19.2,26.3,NA,NA,NA,57.8,38.1,47.7,11.5,5.2,9,0,NA,NA,NA,NA,NA,NA,NA,NA,NA,NA,NA,NA,NA,NA,NA,9.6
13749,BXVNST,2025-01-08 EST,40.844,-73.861,82,31.7,23.2,26.2,NA,NA,NA,46.5,28.3,40.2,9.8,1.3,5,0,NA,NA,NA,NA,NA,NA,NA,NA,NA,NA,NA,NA,NA,NA,NA,9.3
13750,BXVNST,2025-01-09 EST,40.844,-73.861,82,34.5,23,27.9,NA,NA,NA,57.6,38.8,47.4,15.7,4.7,10.3,0,NA,NA,NA,NA,NA,NA,NA,NA,NA,NA,NA,NA,NA,NA,NA,9.8
13751,BXVNST,2025-01-10 EST,40.844,-73.861,82,43.3,27.7,34.3,NA,NA,NA,59.8,30.5,46.5,17,13.9,15.4,0,NA,NA,NA,NA,NA,NA,NA,NA,NA,NA,NA,NA,NA,NA,NA,9
13752,BXVNST,2025-01-11 EST,40.844,-73.861,82,36.9,29.1,33,NA,NA,NA,88.5,43.6,62.7,26.7,16,21.2,0.026,NA,NA,NA,NA,NA,NA,NA,NA,NA,NA,NA,NA,NA,NA,NA,5.2
13753,BXVNST,2025-01-12 EST,40.844,-73.861,82,44.7,30.9,37.2,NA,NA,NA,64.5,39.9,51.5,22.6,16.9,20.7,0.033,NA,NA,NA,NA,NA,NA,NA,NA,NA,NA,NA,NA,NA,NA,NA,8.8
13754,BXVNST,2025-01-13 EST,40.844,-73.861,82,43.7,34.9,39.2,NA,NA,NA,55.1,39.5,47.4,23,16.8,20.8,0.002,NA,NA,NA,NA,NA,NA,NA,NA,NA,NA,NA,NA,NA,NA,NA,4.6
13755,BXVNST,2025-01-14 EST,40.844,-73.861,82,35,25.4,31.1,NA,NA,NA,50.8,28,39.8,16.4,4.4,9.1,0,NA,NA,NA,NA,NA,NA,NA,NA,NA,NA,NA,NA,NA,NA,NA,9.7
13756,BXVNST,2025-01-15 EST,40.844,-73.861,82,33.2,23.1,27.5,NA,NA,NA,53.7,33.9,43.9,9.9,5.8,8.2,0.006,NA,NA,NA,NA,NA,NA,NA,NA,NA,NA,NA,NA,NA,NA,NA,10.1
13757,BXVNST,2025-01-16 EST,40.844,-73.861,82,31.7,24.6,28.2,NA,NA,NA,78.8,35.3,55.6,23.5,7,13.9,0.013,NA,NA,NA,NA,NA,NA,NA,NA,NA,NA,NA,NA,NA,NA,NA,6
13758,BXVNST,2025-01-17 EST,40.844,-73.861,82,44.7,26.7,35.5,NA,NA,NA,74.4,38.7,55.6,24.6,17.7,20.6,0.009,NA,NA,NA,NA,NA,NA,NA,NA,NA,NA,NA,NA,NA,NA,NA,9.2
13759,BXVNST,2025-01-18 EST,40.844,-73.861,82,45.9,36.5,41.6,NA,NA,NA,98.9,47.8,78.4,43.9,19.7,35,0.137,NA,NA,NA,NA,NA,NA,NA,NA,NA,NA,NA,NA,NA,NA,NA,2
13760,BXVNST,2025-01-19 EST,40.844,-73.861,82,40.9,26.6,35.8,NA,NA,NA,96.3,62.1,81.5,37.7,21.6,30.5,0.266,NA,NA,NA,NA,NA,NA,NA,NA,NA,NA,NA,NA,NA,NA,NA,2.9
13761,BXVNST,2025-01-20 EST,40.844,-73.861,82,27.1,17.8,22.3,NA,NA,NA,83.5,32.3,51.3,22.3,-1.3,6.2,0.033,NA,NA,NA,NA,NA,NA,NA,NA,NA,NA,NA,NA,NA,NA,NA,9.6
13762,BXVNST,2025-01-21 EST,40.844,-73.861,82,20.5,12.5,16.7,NA,NA,NA,51.1,31.3,41.2,0.4,-6,-3,0.025,NA,NA,NA,NA,NA,NA,NA,NA,NA,NA,NA,NA,NA,NA,NA,6.7
13763,BXVNST,2025-01-22 EST,40.844,-73.861,82,21.3,11.9,16.9,NA,NA,NA,52.9,29.8,40.3,1.8,-7.7,-3.3,0.039,NA,NA,NA,NA,NA,NA,NA,NA,NA,NA,NA,NA,NA,NA,NA,10.2
13764,BXVNST,2025-01-23 EST,40.844,-73.861,82,30.5,18.5,24,NA,NA,NA,54.4,27.1,41.7,11.3,-1.1,3.8,0.042,NA,NA,NA,NA,NA,NA,NA,NA,NA,NA,NA,NA,NA,NA,NA,8.4
13765,BXVNST,2025-01-24 EST,40.844,-73.861,82,34.5,24.2,28.8,NA,NA,NA,55.9,31.5,43.2,11.7,6.7,8.8,0.024,NA,NA,NA,NA,NA,NA,NA,NA,NA,NA,NA,NA,NA,NA,NA,11.2
13766,BXVNST,2025-01-25 EST,40.844,-73.861,82,34.1,21.8,28.9,NA,NA,NA,55.7,31.2,43.1,17.3,5,8.9,0.021,NA,NA,NA,NA,NA,NA,NA,NA,NA,NA,NA,NA,NA,NA,NA,10
13767,BXVNST,2025-01-26 EST,40.844,-73.861,82,44.6,32.3,37.4,NA,NA,NA,57,29.4,43.8,19.8,13.2,16.9,0.023,NA,NA,NA,NA,NA,NA,NA,NA,NA,NA,NA,NA,NA,NA,NA,6
13768,BXVNST,2025-01-27 EST,40.844,-73.861,82,42.4,32.2,37.9,NA,NA,NA,45.5,19.6,34.5,20.1,2.2,11.6,0,NA,NA,NA,NA,NA,NA,NA,NA,NA,NA,NA,NA,NA,NA,NA,11.7
13769,BXVNST,2025-01-28 EST,40.844,-73.861,82,43.6,32.4,38,NA,NA,NA,55.7,29.2,37.2,21,8.9,13.8,0,NA,NA,NA,NA,NA,NA,NA,NA,NA,NA,NA,NA,NA,NA,NA,10.5
13770,BXVNST,2025-01-29 EST,40.844,-73.861,82,54.3,32.1,43.4,NA,NA,NA,61.6,24.6,41.9,26.6,10.8,21.3,0.003,NA,NA,NA,NA,NA,NA,NA,NA,NA,NA,NA,NA,NA,NA,NA,9.6
13771,BXVNST,2025-01-30 EST,40.844,-73.861,82,38.1,25.1,32.6,NA,NA,NA,72.6,28.2,38.5,30.1,4.2,9.5,0.002,NA,NA,NA,NA,NA,NA,NA,NA,NA,NA,NA,NA,NA,NA,NA,11.4
13772,BXVNST,2025-01-31 EST,40.844,-73.861,82,48,38.2,43.3,NA,NA,NA,97.4,72.9,87.8,46.1,30.3,39.9,0.22,NA,NA,NA,NA,NA,NA,NA,NA,NA,NA,NA,NA,NA,NA,NA,1.5
13773,MHALPH,2025-01-01 EST,40.728,-73.974,37,52.8,40.9,47,NA,NA,NA,95,44.2,71,46.7,22.4,37.5,0,NA,NA,NA,NA,NA,NA,NA,NA,NA,NA,NA,NA,NA,NA,NA,4.2
13774,MHALPH,2025-01-02 EST,40.728,-73.974,37,44.8,34.9,39.7,NA,NA,NA,61.7,33.9,47.1,27.9,16.8,20.9,0,NA,NA,NA,NA,NA,NA,NA,NA,NA,NA,NA,NA,NA,NA,NA,6
13775,MHALPH,2025-01-03 EST,40.728,-73.974,37,40.6,32,36,NA,NA,NA,62.1,37.5,48.5,22.6,14.1,18.2,0,NA,NA,NA,NA,NA,NA,NA,NA,NA,NA,NA,NA,NA,NA,NA,8.1
13776,MHALPH,2025-01-04 EST,40.728,-73.974,37,35.9,29.8,32.2,NA,NA,NA,55.7,28.5,38.1,18.1,4.6,9.2,0,NA,NA,NA,NA,NA,NA,NA,NA,NA,NA,NA,NA,NA,NA,NA,7
13777,MHALPH,2025-01-05 EST,40.728,-73.974,37,35.5,28.6,31.2,NA,NA,NA,52.1,35,44.2,15.4,8.4,11.8,0,NA,NA,NA,NA,NA,NA,NA,NA,NA,NA,NA,NA,NA,NA,NA,7.5
13778,MHALPH,2025-01-06 EST,40.728,-73.974,37,32.5,23.6,30,NA,NA,NA,89.3,51.7,65.8,28.1,9.4,19.6,0.07,NA,NA,NA,NA,NA,NA,NA,NA,NA,NA,NA,NA,NA,NA,NA,0.9
13779,MHALPH,2025-01-07 EST,40.728,-73.974,37,34.7,20,27.3,NA,NA,NA,55.8,38.4,47.7,12.5,5.9,9.9,0,NA,NA,NA,NA,NA,NA,NA,NA,NA,NA,NA,NA,NA,NA,NA,8.9
13780,MHALPH,2025-01-08 EST,40.728,-73.974,37,31.8,23.8,27,NA,NA,NA,47.1,30.6,40.5,10.6,3.3,6,0,NA,NA,NA,NA,NA,NA,NA,NA,NA,NA,NA,NA,NA,NA,NA,8.3
13781,MHALPH,2025-01-09 EST,40.728,-73.974,37,35.1,23.6,28.6,NA,NA,NA,56,38.8,46.9,15.6,5.8,10.8,0,NA,NA,NA,NA,NA,NA,NA,NA,NA,NA,NA,NA,NA,NA,NA,9.1
13782,MHALPH,2025-01-10 EST,40.728,-73.974,37,41.3,28.4,34.5,NA,NA,NA,57.3,33.7,45.8,18.2,13.7,15.3,0,NA,NA,NA,NA,NA,NA,NA,NA,NA,NA,NA,NA,NA,NA,NA,8.5
13783,MHALPH,2025-01-11 EST,40.728,-73.974,37,37.6,29.4,33.3,NA,NA,NA,84.1,44.2,60.6,26.3,16.9,20.8,0.007,NA,NA,NA,NA,NA,NA,NA,NA,NA,NA,NA,NA,NA,NA,NA,4.4
13784,MHALPH,2025-01-12 EST,40.728,-73.974,37,43.7,31.8,38,NA,NA,NA,63.5,40.7,50.6,23.2,17.6,21.1,0,NA,NA,NA,NA,NA,NA,NA,NA,NA,NA,NA,NA,NA,NA,NA,8.5
13785,MHALPH,2025-01-13 EST,40.728,-73.974,37,43.5,35.2,39.1,NA,NA,NA,60,40,49.5,23.3,15.5,21.7,0,NA,NA,NA,NA,NA,NA,NA,NA,NA,NA,NA,NA,NA,NA,NA,4.1
13786,MHALPH,2025-01-14 EST,40.728,-73.974,37,37,26.5,31.9,NA,NA,NA,52.3,28.6,39,18,5.1,9.4,0,NA,NA,NA,NA,NA,NA,NA,NA,NA,NA,NA,NA,NA,NA,NA,9.7
13787,MHALPH,2025-01-15 EST,40.728,-73.974,37,34.9,24.1,28.5,NA,NA,NA,52.2,32.9,42.8,11.2,6,8.5,0,NA,NA,NA,NA,NA,NA,NA,NA,NA,NA,NA,NA,NA,NA,NA,9.2
13788,MHALPH,2025-01-16 EST,40.728,-73.974,37,31,25,28.3,NA,NA,NA,74.9,38.3,55.8,22.7,8.1,14.2,0,NA,NA,NA,NA,NA,NA,NA,NA,NA,NA,NA,NA,NA,NA,NA,5.5
13789,MHALPH,2025-01-17 EST,40.728,-73.974,37,43.3,27.2,35.4,NA,NA,NA,73.8,41.4,56.6,25.1,18.2,21.1,0,NA,NA,NA,NA,NA,NA,NA,NA,NA,NA,NA,NA,NA,NA,NA,9.2
13790,MHALPH,2025-01-18 EST,40.728,-73.974,37,46.6,36.6,42.6,NA,NA,NA,93.6,52.4,76.7,44.3,21,35.6,0.078,NA,NA,NA,NA,NA,NA,NA,NA,NA,NA,NA,NA,NA,NA,NA,1.8
13791,MHALPH,2025-01-19 EST,40.728,-73.974,37,42.3,26.1,37.4,NA,NA,NA,94.6,66.7,79.1,38.4,21.5,31.3,0.291,NA,NA,NA,NA,NA,NA,NA,NA,NA,NA,NA,NA,NA,NA,NA,2.6
13792,MHALPH,2025-01-20 EST,40.728,-73.974,37,28.7,18.4,23,NA,NA,NA,82.4,32.7,49.7,21.4,-1.1,6.4,0,NA,NA,NA,NA,NA,NA,NA,NA,NA,NA,NA,NA,NA,NA,NA,9.7
13793,MHALPH,2025-01-21 EST,40.728,-73.974,37,20.6,12.9,17,NA,NA,NA,51.7,30.4,40.8,-0.3,-6.6,-3,0,NA,NA,NA,NA,NA,NA,NA,NA,NA,NA,NA,NA,NA,NA,NA,5.2
13794,MHALPH,2025-01-22 EST,40.728,-73.974,37,22.2,14.2,18.1,NA,NA,NA,47.1,27.4,37.7,-1,-7.2,-3.6,0,NA,NA,NA,NA,NA,NA,NA,NA,NA,NA,NA,NA,NA,NA,NA,8.6
13795,MHALPH,2025-01-23 EST,40.728,-73.974,37,29.8,19.5,24.8,NA,NA,NA,53.1,29.4,40.7,10.7,-2.7,4,0,NA,NA,NA,NA,NA,NA,NA,NA,NA,NA,NA,NA,NA,NA,NA,8.7
13796,MHALPH,2025-01-24 EST,40.728,-73.974,37,35.1,24.4,29.4,NA,NA,NA,57.3,32,42.9,12.9,6.7,9.2,0,NA,NA,NA,NA,NA,NA,NA,NA,NA,NA,NA,NA,NA,NA,NA,10.5
13797,MHALPH,2025-01-25 EST,40.728,-73.974,37,33.8,22.7,29.6,NA,NA,NA,56.2,32.4,42.5,18.1,5.5,9.3,0,NA,NA,NA,NA,NA,NA,NA,NA,NA,NA,NA,NA,NA,NA,NA,10
13798,MHALPH,2025-01-26 EST,40.728,-73.974,37,45.1,32.3,37.8,NA,NA,NA,59.1,28.4,44.8,20.6,13.8,17.7,0,NA,NA,NA,NA,NA,NA,NA,NA,NA,NA,NA,NA,NA,NA,NA,5.4
13799,MHALPH,2025-01-27 EST,40.728,-73.974,37,42.3,33.1,37.8,NA,NA,NA,52.5,21.2,36.1,22.1,4.1,12.6,0,NA,NA,NA,NA,NA,NA,NA,NA,NA,NA,NA,NA,NA,NA,NA,11
13800,MHALPH,2025-01-28 EST,40.728,-73.974,37,44.3,35.6,39.4,NA,NA,NA,52.6,27.5,37.7,22.3,10.3,15.4,0,NA,NA,NA,NA,NA,NA,NA,NA,NA,NA,NA,NA,NA,NA,NA,10
13801,MHALPH,2025-01-29 EST,40.728,-73.974,37,53.9,32.8,44.2,NA,NA,NA,54.2,25.5,40.9,25.6,9.1,21.5,0,NA,NA,NA,NA,NA,NA,NA,NA,NA,NA,NA,NA,NA,NA,NA,8.7
13802,MHALPH,2025-01-30 EST,40.728,-73.974,37,39.3,26.5,33.3,NA,NA,NA,68.7,28.7,38.7,29.9,4.3,10.3,0,NA,NA,NA,NA,NA,NA,NA,NA,NA,NA,NA,NA,NA,NA,NA,11
13803,MHALPH,2025-01-31 EST,40.728,-73.974,37,49.1,39.4,44.6,NA,NA,NA,92.7,68.5,84.7,46.9,30,40.2,0.125,NA,NA,NA,NA,NA,NA,NA,NA,NA,NA,NA,NA,NA,NA,NA,1.4
13804,MHCHEL,2025-01-01 EST,40.755,-74.005,38,51.1,40.2,46.3,NA,NA,NA,92.9,44.7,72.3,47.3,22.4,37.4,0.002,NA,NA,NA,NA,NA,NA,NA,NA,NA,NA,NA,NA,NA,NA,NA,2.8
13805,MHCHEL,2025-01-02 EST,40.755,-74.005,38,42.7,34.6,38.9,NA,NA,NA,61.7,38.2,48.9,27.4,17.1,21.1,0.006,NA,NA,NA,NA,NA,NA,NA,NA,NA,NA,NA,NA,NA,NA,NA,4.6
13806,MHCHEL,2025-01-03 EST,40.755,-74.005,38,39.1,31.7,35.3,NA,NA,NA,64,40.6,50.8,22.7,15.1,18.6,0.024,NA,NA,NA,NA,NA,NA,NA,NA,NA,NA,NA,NA,NA,NA,NA,5.5
13807,MHCHEL,2025-01-04 EST,40.755,-74.005,38,33.9,29,31.6,NA,NA,NA,56.5,32.7,41.1,18,6.1,10.4,0.085,NA,NA,NA,NA,NA,NA,NA,NA,NA,NA,NA,NA,NA,NA,NA,4.6
13808,MHCHEL,2025-01-05 EST,40.755,-74.005,38,33.5,28.2,30.4,NA,NA,NA,53.9,40.9,47.1,15.9,8.6,12.5,0.056,NA,NA,NA,NA,NA,NA,NA,NA,NA,NA,NA,NA,NA,NA,NA,4.4
13809,MHCHEL,2025-01-06 EST,40.755,-74.005,38,31.3,22.4,28.9,NA,NA,NA,89.5,52.4,67.1,26.5,9.6,19.1,0.08,NA,NA,NA,NA,NA,NA,NA,NA,NA,NA,NA,NA,NA,NA,NA,1.1
13810,MHCHEL,2025-01-07 EST,40.755,-74.005,38,33.5,19.7,26.7,NA,NA,NA,59.3,42.4,51,14.2,6.9,10.8,0.008,NA,NA,NA,NA,NA,NA,NA,NA,NA,NA,NA,NA,NA,NA,NA,6
13811,MHCHEL,2025-01-08 EST,40.755,-74.005,38,30,23.6,26.5,NA,NA,NA,51.1,35.5,43.8,11.4,4.8,7.3,0,NA,NA,NA,NA,NA,NA,NA,NA,NA,NA,NA,NA,NA,NA,NA,5.4
13812,MHCHEL,2025-01-09 EST,40.755,-74.005,38,33.6,23.3,28,NA,NA,NA,58,43.7,50.2,16.3,6.8,11.7,0,NA,NA,NA,NA,NA,NA,NA,NA,NA,NA,NA,NA,NA,NA,NA,6.1
13813,MHCHEL,2025-01-10 EST,40.755,-74.005,38,39.6,27.9,33.6,NA,NA,NA,59.9,37.5,48.6,18.3,14.1,16,0,NA,NA,NA,NA,NA,NA,NA,NA,NA,NA,NA,NA,NA,NA,NA,6.4
13814,MHCHEL,2025-01-11 EST,40.755,-74.005,38,36.6,28.4,32.6,NA,NA,NA,88.6,46.4,63.7,26,16.5,21.2,0.044,NA,NA,NA,NA,NA,NA,NA,NA,NA,NA,NA,NA,NA,NA,NA,3.7
13815,MHCHEL,2025-01-12 EST,40.755,-74.005,38,42.1,31.2,37.1,NA,NA,NA,65.8,44.7,53.8,24.1,17.9,21.7,0.077,NA,NA,NA,NA,NA,NA,NA,NA,NA,NA,NA,NA,NA,NA,NA,6.5
13816,MHCHEL,2025-01-13 EST,40.755,-74.005,38,42.7,33.9,38.3,NA,NA,NA,63.3,42.4,51.6,24.1,16.4,21.8,0.081,NA,NA,NA,NA,NA,NA,NA,NA,NA,NA,NA,NA,NA,NA,NA,2.9
13817,MHCHEL,2025-01-14 EST,40.755,-74.005,38,35.5,25.9,30.8,NA,NA,NA,55.8,33.5,42.5,19.2,5.8,10.4,0.022,NA,NA,NA,NA,NA,NA,NA,NA,NA,NA,NA,NA,NA,NA,NA,6.8
13818,MHCHEL,2025-01-15 EST,40.755,-74.005,38,32.6,23.6,27.8,NA,NA,NA,55.5,38.2,45.9,11.4,6.4,9.5,0.022,NA,NA,NA,NA,NA,NA,NA,NA,NA,NA,NA,NA,NA,NA,NA,6.3
13819,MHCHEL,2025-01-16 EST,40.755,-74.005,38,30.5,24.2,27.6,NA,NA,NA,77.5,38.8,57.4,22.5,7.5,14.2,0.035,NA,NA,NA,NA,NA,NA,NA,NA,NA,NA,NA,NA,NA,NA,NA,5
13820,MHCHEL,2025-01-17 EST,40.755,-74.005,38,42.2,26.6,34.6,NA,NA,NA,76.2,42.6,58.7,26.9,18.4,21.2,0.031,NA,NA,NA,NA,NA,NA,NA,NA,NA,NA,NA,NA,NA,NA,NA,6.6
13821,MHCHEL,2025-01-18 EST,40.755,-74.005,38,46.6,36.1,42.1,NA,NA,NA,94.3,50.2,76.1,42.9,20.2,34.8,0.078,NA,NA,NA,NA,NA,NA,NA,NA,NA,NA,NA,NA,NA,NA,NA,1.6
13822,MHCHEL,2025-01-19 EST,40.755,-74.005,38,40.8,25.1,35.7,NA,NA,NA,95,64.2,81.7,37.8,20.1,30.6,0.179,NA,NA,NA,NA,NA,NA,NA,NA,NA,NA,NA,NA,NA,NA,NA,2.5
13823,MHCHEL,2025-01-20 EST,40.755,-74.005,38,26.1,17.5,22,NA,NA,NA,81.2,36,52.1,20,-0.9,6.6,0.042,NA,NA,NA,NA,NA,NA,NA,NA,NA,NA,NA,NA,NA,NA,NA,7.6
13824,MHCHEL,2025-01-21 EST,40.755,-74.005,38,20.1,12,16.4,NA,NA,NA,55.3,32.2,43.2,0.1,-6,-2.3,0.044,NA,NA,NA,NA,NA,NA,NA,NA,NA,NA,NA,NA,NA,NA,NA,5.4
13825,MHCHEL,2025-01-22 EST,40.755,-74.005,38,20.9,11.5,16.9,NA,NA,NA,54.6,29.3,40.9,-0.9,-7.9,-3.2,0.043,NA,NA,NA,NA,NA,NA,NA,NA,NA,NA,NA,NA,NA,NA,NA,6.6
13826,MHCHEL,2025-01-23 EST,40.755,-74.005,38,28.6,18.3,23.7,NA,NA,NA,50.3,29.5,41.1,9.6,-2,3.3,0.037,NA,NA,NA,NA,NA,NA,NA,NA,NA,NA,NA,NA,NA,NA,NA,5.8
13827,MHCHEL,2025-01-24 EST,40.755,-74.005,38,33.8,23.3,28.3,NA,NA,NA,60.4,35,46.3,13.4,7.7,10,0.007,NA,NA,NA,NA,NA,NA,NA,NA,NA,NA,NA,NA,NA,NA,NA,7.3
13828,MHCHEL,2025-01-25 EST,40.755,-74.005,38,33.2,21.6,28.5,NA,NA,NA,61.1,32.8,45.9,18.3,5.4,9.8,0.056,NA,NA,NA,NA,NA,NA,NA,NA,NA,NA,NA,NA,NA,NA,NA,7.8
13829,MHCHEL,2025-01-26 EST,40.755,-74.005,38,42.7,31.6,36.8,NA,NA,NA,60.1,30.9,46.7,20.5,14.1,17.8,0.038,NA,NA,NA,NA,NA,NA,NA,NA,NA,NA,NA,NA,NA,NA,NA,4
13830,MHCHEL,2025-01-27 EST,40.755,-74.005,38,40.6,32.2,36.8,NA,NA,NA,51.7,20.6,37.4,21.4,3.1,12.5,0.019,NA,NA,NA,NA,NA,NA,NA,NA,NA,NA,NA,NA,NA,NA,NA,8
13831,MHCHEL,2025-01-28 EST,40.755,-74.005,38,42.5,34.9,38.5,NA,NA,NA,51.4,30.6,39.5,22.4,10.2,15.7,0.003,NA,NA,NA,NA,NA,NA,NA,NA,NA,NA,NA,NA,NA,NA,NA,6.6
13832,MHCHEL,2025-01-29 EST,40.755,-74.005,38,51.5,32.1,42.8,NA,NA,NA,55.7,28.8,43.2,25.7,10.5,21.6,0.008,NA,NA,NA,NA,NA,NA,NA,NA,NA,NA,NA,NA,NA,NA,NA,7.4
13833,MHCHEL,2025-01-30 EST,40.755,-74.005,38,39.3,26.2,32.7,NA,NA,NA,65.7,31.4,40.6,28.5,5.3,11,0,NA,NA,NA,NA,NA,NA,NA,NA,NA,NA,NA,NA,NA,NA,NA,8.6
13834,MHCHEL,2025-01-31 EST,40.755,-74.005,38,48.4,37.1,43.5,NA,NA,NA,93.4,65,84.7,45.9,28.6,39.2,0.149,NA,NA,NA,NA,NA,NA,NA,NA,NA,NA,NA,NA,NA,NA,NA,1.2
13835,MHERAC,2025-01-01 EST,40.725,-73.974,12,NA,NA,NA,NA,NA,NA,NA,NA,NA,NA,NA,NA,NA,NA,NA,NA,NA,NA,NA,NA,NA,NA,NA,NA,NA,NA,NA,NA,NA
13836,MHERAC,2025-01-02 EST,40.725,-73.974,12,NA,NA,NA,NA,NA,NA,NA,NA,NA,NA,NA,NA,NA,NA,NA,NA,NA,NA,NA,NA,NA,NA,NA,NA,NA,NA,NA,NA,NA
13837,MHERAC,2025-01-03 EST,40.725,-73.974,12,NA,NA,NA,NA,NA,NA,NA,NA,NA,NA,NA,NA,NA,NA,NA,NA,NA,NA,NA,NA,NA,NA,NA,NA,NA,NA,NA,NA,NA
13838,MHERAC,2025-01-04 EST,40.725,-73.974,12,NA,NA,NA,NA,NA,NA,NA,NA,NA,NA,NA,NA,NA,NA,NA,NA,NA,NA,NA,NA,NA,NA,NA,NA,NA,NA,NA,NA,NA
13839,MHERAC,2025-01-05 EST,40.725,-73.974,12,NA,NA,NA,NA,NA,NA,NA,NA,NA,NA,NA,NA,NA,NA,NA,NA,NA,NA,NA,NA,NA,NA,NA,NA,NA,NA,NA,NA,NA
13840,MHERAC,2025-01-06 EST,40.725,-73.974,12,NA,NA,NA,NA,NA,NA,NA,NA,NA,NA,NA,NA,NA,NA,NA,NA,NA,NA,NA,NA,NA,NA,NA,NA,NA,NA,NA,NA,NA
13841,MHERAC,2025-01-07 EST,40.725,-73.974,12,NA,NA,NA,NA,NA,NA,NA,NA,NA,NA,NA,NA,NA,NA,NA,NA,NA,NA,NA,NA,NA,NA,NA,NA,NA,NA,NA,NA,NA
13842,MHERAC,2025-01-08 EST,40.725,-73.974,12,NA,NA,NA,NA,NA,NA,NA,NA,NA,NA,NA,NA,NA,NA,NA,NA,NA,NA,NA,NA,NA,NA,NA,NA,NA,NA,NA,NA,NA
13843,MHERAC,2025-01-09 EST,40.725,-73.974,12,NA,NA,NA,NA,NA,NA,NA,NA,NA,NA,NA,NA,NA,NA,NA,NA,NA,NA,NA,NA,NA,NA,NA,NA,NA,NA,NA,NA,NA
13844,MHERAC,2025-01-10 EST,40.725,-73.974,12,NA,NA,NA,NA,NA,NA,NA,NA,NA,NA,NA,NA,NA,NA,NA,NA,NA,NA,NA,NA,NA,NA,NA,NA,NA,NA,NA,NA,NA
13845,MHERAC,2025-01-11 EST,40.725,-73.974,12,NA,NA,NA,NA,NA,NA,NA,NA,NA,NA,NA,NA,NA,NA,NA,NA,NA,NA,NA,NA,NA,NA,NA,NA,NA,NA,NA,NA,NA
13846,MHERAC,2025-01-12 EST,40.725,-73.974,12,NA,NA,NA,NA,NA,NA,NA,NA,NA,NA,NA,NA,NA,NA,NA,NA,NA,NA,NA,NA,NA,NA,NA,NA,NA,NA,NA,NA,NA
13847,MHERAC,2025-01-13 EST,40.725,-73.974,12,NA,NA,NA,NA,NA,NA,NA,NA,NA,NA,NA,NA,NA,NA,NA,NA,NA,NA,NA,NA,NA,NA,NA,NA,NA,NA,NA,NA,NA
13848,MHERAC,2025-01-14 EST,40.725,-73.974,12,NA,NA,NA,NA,NA,NA,NA,NA,NA,NA,NA,NA,NA,NA,NA,NA,NA,NA,NA,NA,NA,NA,NA,NA,NA,NA,NA,NA,NA
13849,MHERAC,2025-01-15 EST,40.725,-73.974,12,NA,NA,NA,NA,NA,NA,NA,NA,NA,NA,NA,NA,NA,NA,NA,NA,NA,NA,NA,NA,NA,NA,NA,NA,NA,NA,NA,NA,NA
13850,MHERAC,2025-01-16 EST,40.725,-73.974,12,NA,NA,NA,NA,NA,NA,NA,NA,NA,NA,NA,NA,NA,NA,NA,NA,NA,NA,NA,NA,NA,NA,NA,NA,NA,NA,NA,NA,NA
13851,MHERAC,2025-01-17 EST,40.725,-73.974,12,NA,NA,NA,NA,NA,NA,NA,NA,NA,NA,NA,NA,NA,NA,NA,NA,NA,NA,NA,NA,NA,NA,NA,NA,NA,NA,NA,NA,NA
13852,MHERAC,2025-01-18 EST,40.725,-73.974,12,NA,NA,NA,NA,NA,NA,NA,NA,NA,NA,NA,NA,NA,NA,NA,NA,NA,NA,NA,NA,NA,NA,NA,NA,NA,NA,NA,NA,NA
13853,MHERAC,2025-01-19 EST,40.725,-73.974,12,NA,NA,NA,NA,NA,NA,NA,NA,NA,NA,NA,NA,NA,NA,NA,NA,NA,NA,NA,NA,NA,NA,NA,NA,NA,NA,NA,NA,NA
13854,MHERAC,2025-01-20 EST,40.725,-73.974,12,NA,NA,NA,NA,NA,NA,NA,NA,NA,NA,NA,NA,NA,NA,NA,NA,NA,NA,NA,NA,NA,NA,NA,NA,NA,NA,NA,NA,NA
13855,MHERAC,2025-01-21 EST,40.725,-73.974,12,NA,NA,NA,NA,NA,NA,NA,NA,NA,NA,NA,NA,NA,NA,NA,NA,NA,NA,NA,NA,NA,NA,NA,NA,NA,NA,NA,NA,NA
13856,MHERAC,2025-01-22 EST,40.725,-73.974,12,NA,NA,NA,NA,NA,NA,NA,NA,NA,NA,NA,NA,NA,NA,NA,NA,NA,NA,NA,NA,NA,NA,NA,NA,NA,NA,NA,NA,NA
13857,MHERAC,2025-01-23 EST,40.725,-73.974,12,NA,NA,NA,NA,NA,NA,NA,NA,NA,NA,NA,NA,NA,NA,NA,NA,NA,NA,NA,NA,NA,NA,NA,NA,NA,NA,NA,NA,NA
13858,MHERAC,2025-01-24 EST,40.725,-73.974,12,NA,NA,NA,NA,NA,NA,NA,NA,NA,NA,NA,NA,NA,NA,NA,NA,NA,NA,NA,NA,NA,NA,NA,NA,NA,NA,NA,NA,NA
13859,MHERAC,2025-01-25 EST,40.725,-73.974,12,NA,NA,NA,NA,NA,NA,NA,NA,NA,NA,NA,NA,NA,NA,NA,NA,NA,NA,NA,NA,NA,NA,NA,NA,NA,NA,NA,NA,NA
13860,MHERAC,2025-01-26 EST,40.725,-73.974,12,NA,NA,NA,NA,NA,NA,NA,NA,NA,NA,NA,NA,NA,NA,NA,NA,NA,NA,NA,NA,NA,NA,NA,NA,NA,NA,NA,NA,NA
13861,MHERAC,2025-01-27 EST,40.725,-73.974,12,NA,NA,NA,NA,NA,NA,NA,NA,NA,NA,NA,NA,NA,NA,NA,NA,NA,NA,NA,NA,NA,NA,NA,NA,NA,NA,NA,NA,NA
13862,MHERAC,2025-01-28 EST,40.725,-73.974,12,NA,NA,NA,NA,NA,NA,NA,NA,NA,NA,NA,NA,NA,NA,NA,NA,NA,NA,NA,NA,NA,NA,NA,NA,NA,NA,NA,NA,NA
13863,MHERAC,2025-01-29 EST,40.725,-73.974,12,NA,NA,NA,NA,NA,NA,NA,NA,NA,NA,NA,NA,NA,NA,NA,NA,NA,NA,NA,NA,NA,NA,NA,NA,NA,NA,NA,NA,NA
13864,MHERAC,2025-01-30 EST,40.725,-73.974,12,NA,NA,NA,NA,NA,NA,NA,NA,NA,NA,NA,NA,NA,NA,NA,NA,NA,NA,NA,NA,NA,NA,NA,NA,NA,NA,NA,NA,NA
13865,MHERAC,2025-01-31 EST,40.725,-73.974,12,NA,NA,NA,NA,NA,NA,NA,NA,NA,NA,NA,NA,NA,NA,NA,NA,NA,NA,NA,NA,NA,NA,NA,NA,NA,NA,NA,NA,NA
13866,MHLSQR,2025-01-01 EST,40.77,-73.995,7,NA,NA,NA,NA,NA,NA,NA,NA,NA,NA,NA,NA,NA,NA,NA,NA,NA,NA,NA,NA,NA,NA,NA,NA,NA,NA,NA,NA,NA
13867,MHLSQR,2025-01-02 EST,40.77,-73.995,7,NA,NA,NA,NA,NA,NA,NA,NA,NA,NA,NA,NA,NA,NA,NA,NA,NA,NA,NA,NA,NA,NA,NA,NA,NA,NA,NA,NA,NA
13868,MHLSQR,2025-01-03 EST,40.77,-73.995,7,NA,NA,NA,NA,NA,NA,NA,NA,NA,NA,NA,NA,NA,NA,NA,NA,NA,NA,NA,NA,NA,NA,NA,NA,NA,NA,NA,NA,NA
13869,MHLSQR,2025-01-04 EST,40.77,-73.995,7,NA,NA,NA,NA,NA,NA,NA,NA,NA,NA,NA,NA,NA,NA,NA,NA,NA,NA,NA,NA,NA,NA,NA,NA,NA,NA,NA,NA,NA
13870,MHLSQR,2025-01-05 EST,40.77,-73.995,7,NA,NA,NA,NA,NA,NA,NA,NA,NA,NA,NA,NA,NA,NA,NA,NA,NA,NA,NA,NA,NA,NA,NA,NA,NA,NA,NA,NA,NA
13871,MHLSQR,2025-01-06 EST,40.77,-73.995,7,NA,NA,NA,NA,NA,NA,NA,NA,NA,NA,NA,NA,NA,NA,NA,NA,NA,NA,NA,NA,NA,NA,NA,NA,NA,NA,NA,NA,NA
13872,MHLSQR,2025-01-07 EST,40.77,-73.995,7,NA,NA,NA,NA,NA,NA,NA,NA,NA,NA,NA,NA,NA,NA,NA,NA,NA,NA,NA,NA,NA,NA,NA,NA,NA,NA,NA,NA,NA
13873,MHLSQR,2025-01-08 EST,40.77,-73.995,7,NA,NA,NA,NA,NA,NA,NA,NA,NA,NA,NA,NA,NA,NA,NA,NA,NA,NA,NA,NA,NA,NA,NA,NA,NA,NA,NA,NA,NA
13874,MHLSQR,2025-01-09 EST,40.77,-73.995,7,NA,NA,NA,NA,NA,NA,NA,NA,NA,NA,NA,NA,NA,NA,NA,NA,NA,NA,NA,NA,NA,NA,NA,NA,NA,NA,NA,NA,NA
13875,MHLSQR,2025-01-10 EST,40.77,-73.995,7,NA,NA,NA,NA,NA,NA,NA,NA,NA,NA,NA,NA,NA,NA,NA,NA,NA,NA,NA,NA,NA,NA,NA,NA,NA,NA,NA,NA,NA
13876,MHLSQR,2025-01-11 EST,40.77,-73.995,7,NA,NA,NA,NA,NA,NA,NA,NA,NA,NA,NA,NA,NA,NA,NA,NA,NA,NA,NA,NA,NA,NA,NA,NA,NA,NA,NA,NA,NA
13877,MHLSQR,2025-01-12 EST,40.77,-73.995,7,NA,NA,NA,NA,NA,NA,NA,NA,NA,NA,NA,NA,NA,NA,NA,NA,NA,NA,NA,NA,NA,NA,NA,NA,NA,NA,NA,NA,NA
13878,MHLSQR,2025-01-13 EST,40.77,-73.995,7,NA,NA,NA,NA,NA,NA,NA,NA,NA,NA,NA,NA,NA,NA,NA,NA,NA,NA,NA,NA,NA,NA,NA,NA,NA,NA,NA,NA,NA
13879,MHLSQR,2025-01-14 EST,40.77,-73.995,7,NA,NA,NA,NA,NA,NA,NA,NA,NA,NA,NA,NA,NA,NA,NA,NA,NA,NA,NA,NA,NA,NA,NA,NA,NA,NA,NA,NA,NA
13880,MHLSQR,2025-01-15 EST,40.77,-73.995,7,NA,NA,NA,NA,NA,NA,NA,NA,NA,NA,NA,NA,NA,NA,NA,NA,NA,NA,NA,NA,NA,NA,NA,NA,NA,NA,NA,NA,NA
13881,MHLSQR,2025-01-16 EST,40.77,-73.995,7,NA,NA,NA,NA,NA,NA,NA,NA,NA,NA,NA,NA,NA,NA,NA,NA,NA,NA,NA,NA,NA,NA,NA,NA,NA,NA,NA,NA,NA
13882,MHLSQR,2025-01-17 EST,40.77,-73.995,7,NA,NA,NA,NA,NA,NA,NA,NA,NA,NA,NA,NA,NA,NA,NA,NA,NA,NA,NA,NA,NA,NA,NA,NA,NA,NA,NA,NA,NA
13883,MHLSQR,2025-01-18 EST,40.77,-73.995,7,NA,NA,NA,NA,NA,NA,NA,NA,NA,NA,NA,NA,NA,NA,NA,NA,NA,NA,NA,NA,NA,NA,NA,NA,NA,NA,NA,NA,NA
13884,MHLSQR,2025-01-19 EST,40.77,-73.995,7,NA,NA,NA,NA,NA,NA,NA,NA,NA,NA,NA,NA,NA,NA,NA,NA,NA,NA,NA,NA,NA,NA,NA,NA,NA,NA,NA,NA,NA
13885,MHLSQR,2025-01-20 EST,40.77,-73.995,7,NA,NA,NA,NA,NA,NA,NA,NA,NA,NA,NA,NA,NA,NA,NA,NA,NA,NA,NA,NA,NA,NA,NA,NA,NA,NA,NA,NA,NA
13886,MHLSQR,2025-01-21 EST,40.77,-73.995,7,NA,NA,NA,NA,NA,NA,NA,NA,NA,NA,NA,NA,NA,NA,NA,NA,NA,NA,NA,NA,NA,NA,NA,NA,NA,NA,NA,NA,NA
13887,MHLSQR,2025-01-22 EST,40.77,-73.995,7,NA,NA,NA,NA,NA,NA,NA,NA,NA,NA,NA,NA,NA,NA,NA,NA,NA,NA,NA,NA,NA,NA,NA,NA,NA,NA,NA,NA,NA
13888,MHLSQR,2025-01-23 EST,40.77,-73.995,7,NA,NA,NA,NA,NA,NA,NA,NA,NA,NA,NA,NA,NA,NA,NA,NA,NA,NA,NA,NA,NA,NA,NA,NA,NA,NA,NA,NA,NA
13889,MHLSQR,2025-01-24 EST,40.77,-73.995,7,NA,NA,NA,NA,NA,NA,NA,NA,NA,NA,NA,NA,NA,NA,NA,NA,NA,NA,NA,NA,NA,NA,NA,NA,NA,NA,NA,NA,NA
13890,MHLSQR,2025-01-25 EST,40.77,-73.995,7,NA,NA,NA,NA,NA,NA,NA,NA,NA,NA,NA,NA,NA,NA,NA,NA,NA,NA,NA,NA,NA,NA,NA,NA,NA,NA,NA,NA,NA
13891,MHLSQR,2025-01-26 EST,40.77,-73.995,7,NA,NA,NA,NA,NA,NA,NA,NA,NA,NA,NA,NA,NA,NA,NA,NA,NA,NA,NA,NA,NA,NA,NA,NA,NA,NA,NA,NA,NA
13892,MHLSQR,2025-01-27 EST,40.77,-73.995,7,NA,NA,NA,NA,NA,NA,NA,NA,NA,NA,NA,NA,NA,NA,NA,NA,NA,NA,NA,NA,NA,NA,NA,NA,NA,NA,NA,NA,NA
13893,MHLSQR,2025-01-28 EST,40.77,-73.995,7,NA,NA,NA,NA,NA,NA,NA,NA,NA,NA,NA,NA,NA,NA,NA,NA,NA,NA,NA,NA,NA,NA,NA,NA,NA,NA,NA,NA,NA
13894,MHLSQR,2025-01-29 EST,40.77,-73.995,7,NA,NA,NA,NA,NA,NA,NA,NA,NA,NA,NA,NA,NA,NA,NA,NA,NA,NA,NA,NA,NA,NA,NA,NA,NA,NA,NA,NA,NA
13895,MHLSQR,2025-01-30 EST,40.77,-73.995,7,NA,NA,NA,NA,NA,NA,NA,NA,NA,NA,NA,NA,NA,NA,NA,NA,NA,NA,NA,NA,NA,NA,NA,NA,NA,NA,NA,NA,NA
13896,MHLSQR,2025-01-31 EST,40.77,-73.995,7,NA,NA,NA,NA,NA,NA,NA,NA,NA,NA,NA,NA,NA,NA,NA,NA,NA,NA,NA,NA,NA,NA,NA,NA,NA,NA,NA,NA,NA
13897,MHMHIL,2025-01-01 EST,40.746,-73.974,26,51.3,41.4,46.9,NA,NA,NA,94.2,41.6,70.9,47.1,21.6,37.3,0,NA,NA,NA,NA,NA,NA,NA,NA,NA,NA,NA,NA,NA,NA,NA,NA
13898,MHMHIL,2025-01-02 EST,40.746,-73.974,26,43.7,35.3,39.9,NA,NA,NA,59.9,36.3,46.5,27.5,16.8,20.9,0,NA,NA,NA,NA,NA,NA,NA,NA,NA,NA,NA,NA,NA,NA,NA,NA
13899,MHMHIL,2025-01-03 EST,40.746,-73.974,26,39.4,32.5,36.1,NA,NA,NA,59.6,40.6,47.9,22.2,14.1,18.1,0,NA,NA,NA,NA,NA,NA,NA,NA,NA,NA,NA,NA,NA,NA,NA,NA
13900,MHMHIL,2025-01-04 EST,40.746,-73.974,26,34.3,30,32.3,NA,NA,NA,53.4,29.4,37.8,17.3,5.1,9.1,0,NA,NA,NA,NA,NA,NA,NA,NA,NA,NA,NA,NA,NA,NA,NA,NA
13901,MHMHIL,2025-01-05 EST,40.746,-73.974,26,34.1,28.8,31.2,NA,NA,NA,51,38.1,44.2,15.4,8.4,11.8,0,NA,NA,NA,NA,NA,NA,NA,NA,NA,NA,NA,NA,NA,NA,NA,NA
13902,MHMHIL,2025-01-06 EST,40.746,-73.974,26,32.1,23.7,30,NA,NA,NA,90.6,49.8,65.1,27.2,8.8,19.3,0.047,NA,NA,NA,NA,NA,NA,NA,NA,NA,NA,NA,NA,NA,NA,NA,NA
13903,MHMHIL,2025-01-07 EST,40.746,-73.974,26,34.4,20.7,27.7,NA,NA,NA,54.6,38.9,47.1,12.4,6.1,10,0,NA,NA,NA,NA,NA,NA,NA,NA,NA,NA,NA,NA,NA,NA,NA,NA
13904,MHMHIL,2025-01-08 EST,40.746,-73.974,26,31,24.3,27.3,NA,NA,NA,45.7,31.6,40,10.3,3.3,6,0,NA,NA,NA,NA,NA,NA,NA,NA,NA,NA,NA,NA,NA,NA,NA,NA
13905,MHMHIL,2025-01-09 EST,40.746,-73.974,26,34.8,24.2,29.1,NA,NA,NA,53.8,39.4,46.3,15.8,5.8,10.9,0,NA,NA,NA,NA,NA,NA,NA,NA,NA,NA,NA,NA,NA,NA,NA,NA
13906,MHMHIL,2025-01-10 EST,40.746,-73.974,26,39.8,29,34.4,NA,NA,NA,58.4,36.2,46,17.9,14.1,15.5,0,NA,NA,NA,NA,NA,NA,NA,NA,NA,NA,NA,NA,NA,NA,NA,NA
13907,MHMHIL,2025-01-11 EST,40.746,-73.974,26,37.5,29.8,33.6,NA,NA,NA,84.5,43.9,60.2,26,16.6,20.9,0.009,NA,NA,NA,NA,NA,NA,NA,NA,NA,NA,NA,NA,NA,NA,NA,NA
13908,MHMHIL,2025-01-12 EST,40.746,-73.974,26,42,32.3,37.7,NA,NA,NA,62.6,44,51.1,22.9,17.8,21.1,0,NA,NA,NA,NA,NA,NA,NA,NA,NA,NA,NA,NA,NA,NA,NA,NA
13909,MHMHIL,2025-01-13 EST,40.746,-73.974,26,43.6,34.9,39.4,NA,NA,NA,58.7,38.8,48.1,23.2,15.5,21.3,0,NA,NA,NA,NA,NA,NA,NA,NA,NA,NA,NA,NA,NA,NA,NA,NA
13910,MHMHIL,2025-01-14 EST,40.746,-73.974,26,37.1,26.7,31.7,NA,NA,NA,50.8,30.9,39,17.7,5.2,9.4,0,NA,NA,NA,NA,NA,NA,NA,NA,NA,NA,NA,NA,NA,NA,NA,NA
13911,MHMHIL,2025-01-15 EST,40.746,-73.974,26,33.6,24.5,28.7,NA,NA,NA,51,34.7,42.5,10.7,5.7,8.6,0,NA,NA,NA,NA,NA,NA,NA,NA,NA,NA,NA,NA,NA,NA,NA,NA
13912,MHMHIL,2025-01-16 EST,40.746,-73.974,26,31.1,25.1,28.5,NA,NA,NA,73.6,38.9,54.8,22.2,8.3,14,0,NA,NA,NA,NA,NA,NA,NA,NA,NA,NA,NA,NA,NA,NA,NA,NA
13913,MHMHIL,2025-01-17 EST,40.746,-73.974,26,42.3,27.8,35.3,NA,NA,NA,70.2,41.3,55.8,24.3,17.8,20.8,0,NA,NA,NA,NA,NA,NA,NA,NA,NA,NA,NA,NA,NA,NA,NA,NA
13914,MHMHIL,2025-01-18 EST,40.746,-73.974,26,46.2,37,42.4,NA,NA,NA,93.5,50.2,76,44,20.4,35.1,0.083,NA,NA,NA,NA,NA,NA,NA,NA,NA,NA,NA,NA,NA,NA,NA,NA
13915,MHMHIL,2025-01-19 EST,40.746,-73.974,26,43,26.8,37.3,NA,NA,NA,94.7,66.4,78.1,37.9,22.1,30.9,0.278,NA,NA,NA,NA,NA,NA,NA,NA,NA,NA,NA,NA,NA,NA,NA,NA
13916,MHMHIL,2025-01-20 EST,40.746,-73.974,26,26.8,18.7,23.1,NA,NA,NA,81.9,32.4,49.9,22,-1.9,6.5,0,NA,NA,NA,NA,NA,NA,NA,NA,NA,NA,NA,NA,NA,NA,NA,NA
13917,MHMHIL,2025-01-21 EST,40.746,-73.974,26,20.9,13.3,17.4,NA,NA,NA,50,29.9,39.8,-0.7,-7.2,-3.1,0,NA,NA,NA,NA,NA,NA,NA,NA,NA,NA,NA,NA,NA,NA,NA,NA
13918,MHMHIL,2025-01-22 EST,40.746,-73.974,26,21.4,13.4,18,NA,NA,NA,47,29.4,37.4,-1.2,-6.9,-3.8,0,NA,NA,NA,NA,NA,NA,NA,NA,NA,NA,NA,NA,NA,NA,NA,NA
13919,MHMHIL,2025-01-23 EST,40.746,-73.974,26,29.4,20.1,25,NA,NA,NA,53.5,27.9,40,9.5,-2.8,3.8,0,NA,NA,NA,NA,NA,NA,NA,NA,NA,NA,NA,NA,NA,NA,NA,NA
13920,MHMHIL,2025-01-24 EST,40.746,-73.974,26,33.8,26,29.5,NA,NA,NA,54.6,33.3,42.1,12.6,6.5,9,0,NA,NA,NA,NA,NA,NA,NA,NA,NA,NA,NA,NA,NA,NA,NA,NA
13921,MHMHIL,2025-01-25 EST,40.746,-73.974,26,34.3,22.9,29.6,NA,NA,NA,49.8,31.7,41,16.4,5.1,8.6,0,NA,NA,NA,NA,NA,NA,NA,NA,NA,NA,NA,NA,NA,NA,NA,NA
13922,MHMHIL,2025-01-26 EST,40.746,-73.974,26,43.4,32.9,38,NA,NA,NA,56.9,28.9,43.1,20.2,12.7,17.1,0,NA,NA,NA,NA,NA,NA,NA,NA,NA,NA,NA,NA,NA,NA,NA,NA
13923,MHMHIL,2025-01-27 EST,40.746,-73.974,26,41.6,33.2,37.7,NA,NA,NA,49.1,20,35.5,21.1,2.9,12.2,0,NA,NA,NA,NA,NA,NA,NA,NA,NA,NA,NA,NA,NA,NA,NA,NA
13924,MHMHIL,2025-01-28 EST,40.746,-73.974,26,42.5,35,39,NA,NA,NA,50.2,28.9,37.6,21.5,9.7,15,0,NA,NA,NA,NA,NA,NA,NA,NA,NA,NA,NA,NA,NA,NA,NA,NA
13925,MHMHIL,2025-01-29 EST,40.746,-73.974,26,51.9,34.2,43.9,NA,NA,NA,54.2,27.7,41.2,25.6,9.4,21.4,0,NA,NA,NA,NA,NA,NA,NA,NA,NA,NA,NA,NA,NA,NA,NA,NA
13926,MHMHIL,2025-01-30 EST,40.746,-73.974,26,38.8,27.1,33.1,NA,NA,NA,69.3,30,39,29.6,4.4,10.4,0,NA,NA,NA,NA,NA,NA,NA,NA,NA,NA,NA,NA,NA,NA,NA,NA
13927,MHMHIL,2025-01-31 EST,40.746,-73.974,26,48.9,38.8,44.2,NA,NA,NA,92.7,69.2,84.5,46.2,29.6,39.8,0.132,NA,NA,NA,NA,NA,NA,NA,NA,NA,NA,NA,NA,NA,NA,NA,NA
13928,QNASTO,2025-01-01 EST,40.781,-73.903,22,53,39.9,45.8,NA,NA,NA,97.7,44.2,72.9,46.1,21.4,37.1,0,5.3,30.5,286.4,NA,NA,NA,NA,NA,NA,NA,NA,NA,NA,NA,NA,5.2
13929,QNASTO,2025-01-02 EST,40.781,-73.903,22,43.5,34,38.8,NA,NA,NA,61.3,36.3,48.4,27,16.6,20.8,0,6.3,26.7,276.1,NA,NA,NA,NA,NA,NA,NA,NA,NA,NA,NA,NA,6.1
13930,QNASTO,2025-01-03 EST,40.781,-73.903,22,40.2,30.9,35.2,NA,NA,NA,63,39.4,49.5,20.8,14.7,17.9,0,4.8,21.7,280.8,NA,NA,NA,NA,NA,NA,NA,NA,NA,NA,NA,NA,7
13931,QNASTO,2025-01-04 EST,40.781,-73.903,22,34.2,28.4,31,NA,NA,NA,58.5,31.7,40,18,5.1,9.2,0,7.7,31.8,301.3,NA,NA,NA,NA,NA,NA,NA,NA,NA,NA,NA,NA,6.8
13932,QNASTO,2025-01-05 EST,40.781,-73.903,22,33.7,28.2,30.2,NA,NA,NA,55.1,39.2,46.2,15.8,8.1,11.9,0,5.6,22.6,290.3,NA,NA,NA,NA,NA,NA,NA,NA,NA,NA,NA,NA,7.6
13933,QNASTO,2025-01-06 EST,40.781,-73.903,22,31.3,22.1,28.6,NA,NA,NA,91.3,54.5,68.4,26.8,9.6,19.2,0.05,3.1,20.4,341.2,NA,NA,NA,NA,NA,NA,NA,NA,NA,NA,NA,NA,1.4
13934,QNASTO,2025-01-07 EST,40.781,-73.903,22,33.6,19,26.1,NA,NA,NA,58.5,40.8,50.1,12.4,6,9.8,0,10.1,32.7,318.3,NA,NA,NA,NA,NA,NA,NA,NA,NA,NA,NA,NA,8.5
13935,QNASTO,2025-01-08 EST,40.781,-73.903,22,30.8,22.9,25.9,NA,NA,NA,48.2,29.9,42.2,10.1,2.4,5.8,0,8.9,35.5,310.4,NA,NA,NA,NA,NA,NA,NA,NA,NA,NA,NA,NA,7.7
13936,QNASTO,2025-01-09 EST,40.781,-73.903,22,33.9,22.8,27.6,NA,NA,NA,58.6,42.2,48.9,15.6,5.6,10.7,0,10.6,34.6,316,NA,NA,NA,NA,NA,NA,NA,NA,NA,NA,NA,NA,8.6
13937,QNASTO,2025-01-10 EST,40.781,-73.903,22,40.7,27.2,33.3,NA,NA,NA,60,35,48.4,17.5,14.3,15.5,0,5.2,22.6,315.1,NA,NA,NA,NA,NA,NA,NA,NA,NA,NA,NA,NA,8
13938,QNASTO,2025-01-11 EST,40.781,-73.903,22,36,28.7,32.3,NA,NA,NA,90.5,46.5,64.1,26.6,16.3,21.1,0.017,4.6,21.7,318.6,NA,NA,NA,NA,NA,NA,NA,NA,NA,NA,NA,NA,4.8
13939,QNASTO,2025-01-12 EST,40.781,-73.903,22,43.3,30.3,36.6,NA,NA,NA,66.3,43.4,53.5,23.2,17,21.1,0,3.5,15.3,316.2,NA,NA,NA,NA,NA,NA,NA,NA,NA,NA,NA,NA,8.1
13940,QNASTO,2025-01-13 EST,40.781,-73.903,22,42.8,34.6,38.8,NA,NA,NA,56.8,42.4,48.8,23.1,16.2,21.1,0,3.3,16.7,251.4,NA,NA,NA,NA,NA,NA,NA,NA,NA,NA,NA,NA,4.1
13941,QNASTO,2025-01-14 EST,40.781,-73.903,22,34.7,25.4,30.6,NA,NA,NA,50.7,30,40.7,16.1,5.4,9.2,0,6.3,23.2,302.8,NA,NA,NA,NA,NA,NA,NA,NA,NA,NA,NA,NA,8.9
13942,QNASTO,2025-01-15 EST,40.781,-73.903,22,32.3,23,27.1,NA,NA,NA,54.5,36.6,44.9,10.2,6,8.3,0,7.2,25.9,315.4,NA,NA,NA,NA,NA,NA,NA,NA,NA,NA,NA,NA,8.7
13943,QNASTO,2025-01-16 EST,40.781,-73.903,22,31.1,24.1,27.8,NA,NA,NA,75.6,37.3,56.1,22.1,7.1,13.8,0,3.8,13.6,246.5,NA,NA,NA,NA,NA,NA,NA,NA,NA,NA,NA,NA,6
13944,QNASTO,2025-01-17 EST,40.781,-73.903,22,43.3,26.2,34.6,NA,NA,NA,75.1,40.6,57.3,23.9,17.5,20.6,0,3.3,12.9,273.2,NA,NA,NA,NA,NA,NA,NA,NA,NA,NA,NA,NA,8.3
13945,QNASTO,2025-01-18 EST,40.781,-73.903,22,45.7,35.9,41.1,NA,NA,NA,99.3,48.9,79.8,42.8,19.6,34.9,0.109,3.6,18.6,187.3,NA,NA,NA,NA,NA,NA,NA,NA,NA,NA,NA,NA,2
13946,QNASTO,2025-01-19 EST,40.781,-73.903,22,40.4,25.2,35.7,NA,NA,NA,98.3,68.4,83.8,37.2,22.5,31.1,0.21,4.5,24.8,337.7,NA,NA,NA,NA,NA,NA,NA,NA,NA,NA,NA,NA,2.7
13947,QNASTO,2025-01-20 EST,40.781,-73.903,22,27.5,17.4,21.7,NA,NA,NA,88.1,33.2,52.2,21.6,-1.3,6.2,0,5.8,20.2,301.4,NA,NA,NA,NA,NA,NA,NA,NA,NA,NA,NA,NA,10
13948,QNASTO,2025-01-21 EST,40.781,-73.903,22,19.9,12.2,16.2,NA,NA,NA,51.9,32.2,42.5,-0.6,-5.7,-2.8,0,3.9,16.4,296.1,NA,NA,NA,NA,NA,NA,NA,NA,NA,NA,NA,NA,6.2
13949,QNASTO,2025-01-22 EST,40.781,-73.903,22,20.5,11.6,16.7,NA,NA,NA,50.6,31.1,41.3,0.3,-6,-3,0,3.5,15.8,317.5,NA,NA,NA,NA,NA,NA,NA,NA,NA,NA,NA,NA,8.9
13950,QNASTO,2025-01-23 EST,40.781,-73.903,22,29.9,18.5,24.1,NA,NA,NA,56.5,29.9,43.4,10.8,-1.1,4.7,0,2.6,14,242.7,NA,NA,NA,NA,NA,NA,NA,NA,NA,NA,NA,NA,7.6
13951,QNASTO,2025-01-24 EST,40.781,-73.903,22,33.6,23.9,28.2,NA,NA,NA,58,34.3,44.9,12.5,7.2,9.3,0,3.9,15.1,302.6,NA,NA,NA,NA,NA,NA,NA,NA,NA,NA,NA,NA,10.1
13952,QNASTO,2025-01-25 EST,40.781,-73.903,22,33.3,21.5,28.3,NA,NA,NA,58.7,32.1,44.8,16.7,5.4,9.2,0,3.2,15.6,255.8,NA,NA,NA,NA,NA,NA,NA,NA,NA,NA,NA,NA,9.5
13953,QNASTO,2025-01-26 EST,40.781,-73.903,22,44.2,31.8,37.2,NA,NA,NA,56.3,30.1,44.7,20,11.6,17.2,0,3.5,20.4,272.4,NA,NA,NA,NA,NA,NA,NA,NA,NA,NA,NA,NA,5.8
13954,QNASTO,2025-01-27 EST,40.781,-73.903,22,41.1,32,37.3,NA,NA,NA,49.7,20.8,35.4,20.8,3,11.8,0,4.8,21.3,232.9,NA,NA,NA,NA,NA,NA,NA,NA,NA,NA,NA,NA,10.5
13955,QNASTO,2025-01-28 EST,40.781,-73.903,22,42.6,32,37.8,NA,NA,NA,53.2,29.4,38.6,21.5,9.1,14.5,0,5.4,27.4,282.6,NA,NA,NA,NA,NA,NA,NA,NA,NA,NA,NA,NA,9.8
13956,QNASTO,2025-01-29 EST,40.781,-73.903,22,53.3,31.7,43.5,NA,NA,NA,61.4,26.7,42.2,26.5,11.8,21.6,0,7,31.1,273,NA,NA,NA,NA,NA,NA,NA,NA,NA,NA,NA,NA,9.3
13957,QNASTO,2025-01-30 EST,40.781,-73.903,22,38.1,25.1,32.1,NA,NA,NA,73.8,30.5,40.2,30.5,3.8,10.1,0,5.4,29.4,305.4,NA,NA,NA,NA,NA,NA,NA,NA,NA,NA,NA,NA,10.9
13958,QNASTO,2025-01-31 EST,40.781,-73.903,22,49.5,38.1,43.6,NA,NA,NA,97.4,74.2,88.1,47.2,30.6,40.3,0.168,2.2,12.7,191.7,NA,NA,NA,NA,NA,NA,NA,NA,NA,NA,NA,NA,1.6
13959,QNCORO,2025-01-01 EST,40.743,-73.86,24,NA,NA,NA,NA,NA,NA,NA,NA,NA,NA,NA,NA,NA,NA,NA,NA,NA,NA,NA,NA,NA,NA,NA,NA,NA,NA,NA,NA,NA
13960,QNCORO,2025-01-02 EST,40.743,-73.86,24,NA,NA,NA,NA,NA,NA,NA,NA,NA,NA,NA,NA,NA,NA,NA,NA,NA,NA,NA,NA,NA,NA,NA,NA,NA,NA,NA,NA,NA
13961,QNCORO,2025-01-03 EST,40.743,-73.86,24,NA,NA,NA,NA,NA,NA,NA,NA,NA,NA,NA,NA,NA,NA,NA,NA,NA,NA,NA,NA,NA,NA,NA,NA,NA,NA,NA,NA,NA
13962,QNCORO,2025-01-04 EST,40.743,-73.86,24,NA,NA,NA,NA,NA,NA,NA,NA,NA,NA,NA,NA,NA,NA,NA,NA,NA,NA,NA,NA,NA,NA,NA,NA,NA,NA,NA,NA,NA
13963,QNCORO,2025-01-05 EST,40.743,-73.86,24,NA,NA,NA,NA,NA,NA,NA,NA,NA,NA,NA,NA,NA,NA,NA,NA,NA,NA,NA,NA,NA,NA,NA,NA,NA,NA,NA,NA,NA
13964,QNCORO,2025-01-06 EST,40.743,-73.86,24,NA,NA,NA,NA,NA,NA,NA,NA,NA,NA,NA,NA,NA,NA,NA,NA,NA,NA,NA,NA,NA,NA,NA,NA,NA,NA,NA,NA,NA
13965,QNCORO,2025-01-07 EST,40.743,-73.86,24,NA,NA,NA,NA,NA,NA,NA,NA,NA,NA,NA,NA,NA,NA,NA,NA,NA,NA,NA,NA,NA,NA,NA,NA,NA,NA,NA,NA,NA
13966,QNCORO,2025-01-08 EST,40.743,-73.86,24,NA,NA,NA,NA,NA,NA,NA,NA,NA,NA,NA,NA,NA,NA,NA,NA,NA,NA,NA,NA,NA,NA,NA,NA,NA,NA,NA,NA,NA
13967,QNCORO,2025-01-09 EST,40.743,-73.86,24,NA,NA,NA,NA,NA,NA,NA,NA,NA,NA,NA,NA,NA,NA,NA,NA,NA,NA,NA,NA,NA,NA,NA,NA,NA,NA,NA,NA,NA
13968,QNCORO,2025-01-10 EST,40.743,-73.86,24,NA,NA,NA,NA,NA,NA,NA,NA,NA,NA,NA,NA,NA,NA,NA,NA,NA,NA,NA,NA,NA,NA,NA,NA,NA,NA,NA,NA,NA
13969,QNCORO,2025-01-11 EST,40.743,-73.86,24,NA,NA,NA,NA,NA,NA,NA,NA,NA,NA,NA,NA,NA,NA,NA,NA,NA,NA,NA,NA,NA,NA,NA,NA,NA,NA,NA,NA,NA
13970,QNCORO,2025-01-12 EST,40.743,-73.86,24,NA,NA,NA,NA,NA,NA,NA,NA,NA,NA,NA,NA,NA,NA,NA,NA,NA,NA,NA,NA,NA,NA,NA,NA,NA,NA,NA,NA,NA
13971,QNCORO,2025-01-13 EST,40.743,-73.86,24,NA,NA,NA,NA,NA,NA,NA,NA,NA,NA,NA,NA,NA,NA,NA,NA,NA,NA,NA,NA,NA,NA,NA,NA,NA,NA,NA,NA,NA
13972,QNCORO,2025-01-14 EST,40.743,-73.86,24,NA,NA,NA,NA,NA,NA,NA,NA,NA,NA,NA,NA,NA,NA,NA,NA,NA,NA,NA,NA,NA,NA,NA,NA,NA,NA,NA,NA,NA
13973,QNCORO,2025-01-15 EST,40.743,-73.86,24,NA,NA,NA,NA,NA,NA,NA,NA,NA,NA,NA,NA,NA,NA,NA,NA,NA,NA,NA,NA,NA,NA,NA,NA,NA,NA,NA,NA,NA
13974,QNCORO,2025-01-16 EST,40.743,-73.86,24,NA,NA,NA,NA,NA,NA,NA,NA,NA,NA,NA,NA,NA,NA,NA,NA,NA,NA,NA,NA,NA,NA,NA,NA,NA,NA,NA,NA,NA
13975,QNCORO,2025-01-17 EST,40.743,-73.86,24,43.3,27.5,35.3,NA,NA,NA,69.3,41,56.1,25.3,17.3,20.9,0,NA,NA,NA,NA,NA,NA,NA,NA,NA,NA,NA,NA,NA,NA,NA,NA
13976,QNCORO,2025-01-18 EST,40.743,-73.86,24,46.2,36,41.9,NA,NA,NA,96.9,53.1,80,44.1,20.9,35.9,0.118,NA,NA,NA,NA,NA,NA,NA,NA,NA,NA,NA,NA,NA,NA,NA,NA
13977,QNCORO,2025-01-19 EST,40.743,-73.86,24,42,26.1,36.5,NA,NA,NA,96.7,64.9,81.9,38.2,22.1,31.3,0.246,NA,NA,NA,NA,NA,NA,NA,NA,NA,NA,NA,NA,NA,NA,NA,NA
13978,QNCORO,2025-01-20 EST,40.743,-73.86,24,26.7,18.2,22.3,NA,NA,NA,84.1,32.7,51.1,21.7,-2,6.2,0,NA,NA,NA,NA,NA,NA,NA,NA,NA,NA,NA,NA,NA,NA,NA,NA
13979,QNCORO,2025-01-21 EST,40.743,-73.86,24,20.3,12.7,16.9,NA,NA,NA,53.1,31.7,41.6,-0.7,-6.1,-2.6,0,NA,NA,NA,NA,NA,NA,NA,NA,NA,NA,NA,NA,NA,NA,NA,NA
13980,QNCORO,2025-01-22 EST,40.743,-73.86,24,21,13.3,17.5,NA,NA,NA,50.4,30.1,40.9,0.4,-7,-2.4,0,NA,NA,NA,NA,NA,NA,NA,NA,NA,NA,NA,NA,NA,NA,NA,NA
13981,QNCORO,2025-01-23 EST,40.743,-73.86,24,30.4,18.3,24.4,NA,NA,NA,56.3,31.4,44.4,13.2,-0.2,5.6,0,NA,NA,NA,NA,NA,NA,NA,NA,NA,NA,NA,NA,NA,NA,NA,NA
13982,QNCORO,2025-01-24 EST,40.743,-73.86,24,33.7,24.8,29.2,NA,NA,NA,56.2,32.4,43.2,12.1,6.5,9.3,0,NA,NA,NA,NA,NA,NA,NA,NA,NA,NA,NA,NA,NA,NA,NA,NA
13983,QNCORO,2025-01-25 EST,40.743,-73.86,24,32.8,23,29,NA,NA,NA,53.1,32.7,44,17,5.9,9.5,0,NA,NA,NA,NA,NA,NA,NA,NA,NA,NA,NA,NA,NA,NA,NA,NA
13984,QNCORO,2025-01-26 EST,40.743,-73.86,24,43.6,31.6,37.1,NA,NA,NA,58.6,28.5,45.9,20.1,12.7,17.7,0,NA,NA,NA,NA,NA,NA,NA,NA,NA,NA,NA,NA,NA,NA,NA,NA
13985,QNCORO,2025-01-27 EST,40.743,-73.86,24,41.2,32.9,37.1,NA,NA,NA,51.2,22.2,36.9,20.9,5.1,12.4,0,NA,NA,NA,NA,NA,NA,NA,NA,NA,NA,NA,NA,NA,NA,NA,NA
13986,QNCORO,2025-01-28 EST,40.743,-73.86,24,43.6,34,38.3,NA,NA,NA,54.5,29.5,38.3,21.8,10,14.8,0,NA,NA,NA,NA,NA,NA,NA,NA,NA,NA,NA,NA,NA,NA,NA,NA
13987,QNCORO,2025-01-29 EST,40.743,-73.86,24,52.8,32.1,43.2,NA,NA,NA,67.4,26.9,43.3,28.6,11.6,21.8,0,NA,NA,NA,NA,NA,NA,NA,NA,NA,NA,NA,NA,NA,NA,NA,NA
13988,QNCORO,2025-01-30 EST,40.743,-73.86,24,38.6,25.7,32.5,NA,NA,NA,74.9,29,39.7,31.3,3.4,10.1,0,NA,NA,NA,NA,NA,NA,NA,NA,NA,NA,NA,NA,NA,NA,NA,NA
13989,QNCORO,2025-01-31 EST,40.743,-73.86,24,48,38.5,43.7,NA,NA,NA,97.1,75.1,89.4,46.7,31.3,40.8,0.155,NA,NA,NA,NA,NA,NA,NA,NA,NA,NA,NA,NA,NA,NA,NA,NA
13990,QNDKIL,2025-01-01 EST,40.754,-73.938,27,51.7,40.4,46.2,NA,NA,NA,96,42,71.7,46.4,20.8,37,0,NA,NA,NA,NA,NA,NA,NA,NA,NA,NA,NA,NA,NA,NA,NA,3.8
13991,QNDKIL,2025-01-02 EST,40.754,-73.938,27,44.1,34.5,39.2,NA,NA,NA,61.4,35.4,47.4,27.1,16.6,20.7,0,NA,NA,NA,NA,NA,NA,NA,NA,NA,NA,NA,NA,NA,NA,NA,5.1
13992,QNDKIL,2025-01-03 EST,40.754,-73.938,27,40.1,31.3,35.5,NA,NA,NA,60.6,38.2,48,20.4,13.5,17.6,0,NA,NA,NA,NA,NA,NA,NA,NA,NA,NA,NA,NA,NA,NA,NA,6.2
13993,QNDKIL,2025-01-04 EST,40.754,-73.938,27,34.7,28.9,31.3,NA,NA,NA,55,30.4,38.6,17.1,4.6,8.7,0,NA,NA,NA,NA,NA,NA,NA,NA,NA,NA,NA,NA,NA,NA,NA,4.7
13994,QNDKIL,2025-01-05 EST,40.754,-73.938,27,34.3,28.4,30.5,NA,NA,NA,52.8,37.8,44.9,15.4,8.1,11.5,0,NA,NA,NA,NA,NA,NA,NA,NA,NA,NA,NA,NA,NA,NA,NA,6.4
13995,QNDKIL,2025-01-06 EST,40.754,-73.938,27,31.9,22.4,29.3,NA,NA,NA,88.8,52.6,66.3,26.7,8.2,19.2,0.058,NA,NA,NA,NA,NA,NA,NA,NA,NA,NA,NA,NA,NA,NA,NA,1.4
13996,QNDKIL,2025-01-07 EST,40.754,-73.938,27,34.1,19.7,26.7,NA,NA,NA,55.9,38.8,48,12.1,5.7,9.4,0,NA,NA,NA,NA,NA,NA,NA,NA,NA,NA,NA,NA,NA,NA,NA,6.9
13997,QNDKIL,2025-01-08 EST,40.754,-73.938,27,30.2,23.2,26.2,NA,NA,NA,47.8,30.5,40.9,10.1,2.3,5.5,0,NA,NA,NA,NA,NA,NA,NA,NA,NA,NA,NA,NA,NA,NA,NA,5.9
13998,QNDKIL,2025-01-09 EST,40.754,-73.938,27,34.3,23,28,NA,NA,NA,57.1,40.9,47.7,15.6,5.2,10.5,0,NA,NA,NA,NA,NA,NA,NA,NA,NA,NA,NA,NA,NA,NA,NA,7
13999,QNDKIL,2025-01-10 EST,40.754,-73.938,27,40.6,28,33.8,NA,NA,NA,58.2,35.1,46.9,17,13.8,15.3,0,NA,NA,NA,NA,NA,NA,NA,NA,NA,NA,NA,NA,NA,NA,NA,6.9
14000,QNDKIL,2025-01-11 EST,40.754,-73.938,27,37,29.2,32.8,NA,NA,NA,85.9,45.8,61.7,26.1,16.6,20.7,0.014,NA,NA,NA,NA,NA,NA,NA,NA,NA,NA,NA,NA,NA,NA,NA,3.6
14001,QNDKIL,2025-01-12 EST,40.754,-73.938,27,42.8,31.2,37.1,NA,NA,NA,64.5,42.7,52,22.9,17.3,20.9,0,NA,NA,NA,NA,NA,NA,NA,NA,NA,NA,NA,NA,NA,NA,NA,7
14002,QNDKIL,2025-01-13 EST,40.754,-73.938,27,43.6,34.8,38.9,NA,NA,NA,58.9,40.9,48.6,23.1,15.8,21,0,NA,NA,NA,NA,NA,NA,NA,NA,NA,NA,NA,NA,NA,NA,NA,3.2
14003,QNDKIL,2025-01-14 EST,40.754,-73.938,27,35.5,25.9,30.9,NA,NA,NA,49.1,29.6,39.4,16.8,4.7,8.8,0,NA,NA,NA,NA,NA,NA,NA,NA,NA,NA,NA,NA,NA,NA,NA,7.5
14004,QNDKIL,2025-01-15 EST,40.754,-73.938,27,33.2,23.3,27.7,NA,NA,NA,52.7,35,43.4,10.1,5.2,8.2,0,NA,NA,NA,NA,NA,NA,NA,NA,NA,NA,NA,NA,NA,NA,NA,7.2
14005,QNDKIL,2025-01-16 EST,40.754,-73.938,27,30.6,24.9,28,NA,NA,NA,74.5,37.8,55.2,21.9,7.6,13.7,0,NA,NA,NA,NA,NA,NA,NA,NA,NA,NA,NA,NA,NA,NA,NA,5
14006,QNDKIL,2025-01-17 EST,40.754,-73.938,27,43.4,27,35,NA,NA,NA,72.2,41.3,56,23.9,17.2,20.5,0,NA,NA,NA,NA,NA,NA,NA,NA,NA,NA,NA,NA,NA,NA,NA,7.1
14007,QNDKIL,2025-01-18 EST,40.754,-73.938,27,45.8,36,41.8,NA,NA,NA,96.6,50.6,77.4,43.7,19.8,35,0.1,NA,NA,NA,NA,NA,NA,NA,NA,NA,NA,NA,NA,NA,NA,NA,1.6
14008,QNDKIL,2025-01-19 EST,40.754,-73.938,27,42.2,25.4,36.3,NA,NA,NA,96,67.4,80.7,37.2,21.3,30.7,0.243,NA,NA,NA,NA,NA,NA,NA,NA,NA,NA,NA,NA,NA,NA,NA,2.2
14009,QNDKIL,2025-01-20 EST,40.754,-73.938,27,26.5,17.6,22.2,NA,NA,NA,84,33.3,51,21.2,-2.1,6.2,0,NA,NA,NA,NA,NA,NA,NA,NA,NA,NA,NA,NA,NA,NA,NA,7.5
14010,QNDKIL,2025-01-21 EST,40.754,-73.938,27,20.2,12.9,16.7,NA,NA,NA,51.3,30.3,40.6,-1,-7.3,-3.3,0,NA,NA,NA,NA,NA,NA,NA,NA,NA,NA,NA,NA,NA,NA,NA,5.4
14011,QNDKIL,2025-01-22 EST,40.754,-73.938,27,22,12.5,17.4,NA,NA,NA,48.1,30.9,39.3,-0.5,-5.3,-3.3,0,NA,NA,NA,NA,NA,NA,NA,NA,NA,NA,NA,NA,NA,NA,NA,7.7
14012,QNDKIL,2025-01-23 EST,40.754,-73.938,27,29.8,19.2,24.6,NA,NA,NA,56.1,28.6,42,11.1,-1.6,4.5,0,NA,NA,NA,NA,NA,NA,NA,NA,NA,NA,NA,NA,NA,NA,NA,6.5
14013,QNDKIL,2025-01-24 EST,40.754,-73.938,27,33.7,25.4,29,NA,NA,NA,54.6,33.3,42.5,11.8,6.4,8.8,0,NA,NA,NA,NA,NA,NA,NA,NA,NA,NA,NA,NA,NA,NA,NA,8.1
14014,QNDKIL,2025-01-25 EST,40.754,-73.938,27,33.3,22.5,28.8,NA,NA,NA,52.9,31.8,42.7,17,4.9,8.7,0,NA,NA,NA,NA,NA,NA,NA,NA,NA,NA,NA,NA,NA,NA,NA,7.7
14015,QNDKIL,2025-01-26 EST,40.754,-73.938,27,44.2,31.8,37.5,NA,NA,NA,58.3,29.1,43.9,19.7,12.4,17,0,NA,NA,NA,NA,NA,NA,NA,NA,NA,NA,NA,NA,NA,NA,NA,4.1
14016,QNDKIL,2025-01-27 EST,40.754,-73.938,27,41.5,32.4,37.2,NA,NA,NA,51.5,21,35.7,21.4,3.5,11.8,0,NA,NA,NA,NA,NA,NA,NA,NA,NA,NA,NA,NA,NA,NA,NA,8.7
14017,QNDKIL,2025-01-28 EST,40.754,-73.938,27,42.7,34.2,38.3,NA,NA,NA,50.6,28.3,37.8,21.1,9.4,14.5,0,NA,NA,NA,NA,NA,NA,NA,NA,NA,NA,NA,NA,NA,NA,NA,8.2
14018,QNDKIL,2025-01-29 EST,40.754,-73.938,27,52.6,32.1,43.4,NA,NA,NA,56.4,27.4,41.7,25.4,11.5,21.3,0,NA,NA,NA,NA,NA,NA,NA,NA,NA,NA,NA,NA,NA,NA,NA,7.3
14019,QNDKIL,2025-01-30 EST,40.754,-73.938,27,38.6,25.7,32.4,NA,NA,NA,69.3,29,39.2,29.4,3.8,9.8,0,NA,NA,NA,NA,NA,NA,NA,NA,NA,NA,NA,NA,NA,NA,NA,9.2
14020,QNDKIL,2025-01-31 EST,40.754,-73.938,27,48.7,38.6,44,NA,NA,NA,93.2,69.6,86,46.4,29.7,40,0.155,NA,NA,NA,NA,NA,NA,NA,NA,NA,NA,NA,NA,NA,NA,NA,0.9
14021,QNHBEA,2025-01-01 EST,40.659,-73.847,14,51.6,39.7,45.9,NA,NA,NA,97.3,43.9,74.3,46.3,21.7,37.6,0,NA,NA,NA,0,0,NA,46.9,41.7,44.3,44.8,43.3,43.9,NA,NA,NA,NA
14022,QNHBEA,2025-01-02 EST,40.659,-73.847,14,44.2,33.5,38.6,NA,NA,NA,63.8,35.7,49.1,27.6,16.9,20.9,0,NA,NA,NA,0,0,NA,41.7,37.9,40.1,43.9,41.3,42.3,NA,NA,NA,NA
14023,QNHBEA,2025-01-03 EST,40.659,-73.847,14,39.5,31.1,34.9,NA,NA,NA,66.6,40.5,51,22.7,14.4,18.3,0,NA,NA,NA,0,0,NA,39.2,36.5,37.6,41.2,39.6,40.1,NA,NA,NA,NA
14024,QNHBEA,2025-01-04 EST,40.659,-73.847,14,34.6,27.9,31,NA,NA,NA,56.8,30.4,39.3,17.5,4.6,8.8,0,NA,NA,NA,0,0,NA,36.5,34.7,35.4,39.6,37.6,38.4,NA,NA,NA,NA
14025,QNHBEA,2025-01-05 EST,40.659,-73.847,14,34.3,27.6,30.1,NA,NA,NA,55.5,37.3,46,15.1,8.3,11.6,0,NA,NA,NA,0,0,NA,34.7,34.1,34.3,37.6,36.7,37.1,NA,NA,NA,NA
14026,QNHBEA,2025-01-06 EST,40.659,-73.847,14,30.6,22.6,28.4,NA,NA,NA,89.8,54.7,68.9,26.6,10,19.3,0.067,NA,NA,NA,0,0,NA,34.1,34,34,36.7,36.1,36.3,NA,NA,NA,NA
14027,QNHBEA,2025-01-07 EST,40.659,-73.847,14,33.9,19,26.3,NA,NA,NA,57.6,39.9,48.9,12.2,5.5,9.5,0,NA,NA,NA,0,0,NA,34,33.6,33.8,36.1,35.8,36,NA,NA,NA,NA
14028,QNHBEA,2025-01-08 EST,40.659,-73.847,14,30.6,22.9,26.1,NA,NA,NA,48,31.2,41.1,10,2.8,5.5,0,NA,NA,NA,0,0,NA,33.6,32.9,33.2,35.8,35.1,35.4,NA,NA,NA,NA
14029,QNHBEA,2025-01-09 EST,40.659,-73.847,14,34.4,22.6,27.8,NA,NA,NA,57,40.1,47.6,15.1,5.3,10.4,0,NA,NA,NA,0,0,NA,32.9,32.4,32.4,35.1,34.7,34.8,NA,NA,NA,NA
14030,QNHBEA,2025-01-10 EST,40.659,-73.847,14,41.1,27.8,33.7,NA,NA,NA,58.8,34.6,47.6,19.5,13.9,15.5,0,NA,NA,NA,21,0,NA,32.4,32,32.2,34.7,34.3,34.4,NA,NA,NA,NA
14031,QNHBEA,2025-01-11 EST,40.659,-73.847,14,36.2,28.5,32.3,NA,NA,NA,89.1,51.6,64.7,26.2,16.3,21.3,0.013,NA,NA,NA,0,0,NA,32.4,32.4,32.4,34.3,34.2,34.3,NA,NA,NA,NA
14032,QNHBEA,2025-01-12 EST,40.659,-73.847,14,43,30.9,36.8,NA,NA,NA,64.2,42.3,52.8,23.8,17,20.9,0,NA,NA,NA,0,0,NA,32.5,32.4,32.4,34.3,34.2,34.3,NA,NA,NA,NA
14033,QNHBEA,2025-01-13 EST,40.659,-73.847,14,42.8,29.8,37.1,NA,NA,NA,81.3,40.2,56.3,26.7,14.3,22.7,0,NA,NA,NA,0,0,NA,32.7,32.5,32.6,34.3,34.3,34.3,NA,NA,NA,NA
14034,QNHBEA,2025-01-14 EST,40.659,-73.847,14,36.4,25.7,30.7,NA,NA,NA,51.9,29.6,40,16.5,4.8,8.9,0,NA,NA,NA,0,0,NA,32.7,32.7,32.7,34.4,34.3,34.3,NA,NA,NA,NA
14035,QNHBEA,2025-01-15 EST,40.659,-73.847,14,33.1,23.1,27.4,NA,NA,NA,53.4,34.6,43.7,10.1,5.5,8,0,NA,NA,NA,0,0,NA,32.7,32.5,32.6,34.3,34.2,34.3,NA,NA,NA,NA
14036,QNHBEA,2025-01-16 EST,40.659,-73.847,14,30.8,23.6,27.6,NA,NA,NA,78,39.6,57.5,22.3,8.6,14.2,0,NA,NA,NA,0,0,NA,32.5,32.2,32.3,34.2,34,34.1,NA,NA,NA,NA
14037,QNHBEA,2025-01-17 EST,40.659,-73.847,14,42.9,26.8,33.7,NA,NA,NA,81.8,44.1,62.3,30.4,17.5,21.8,0,NA,NA,NA,0,0,NA,32.4,32.2,32.3,34,34,34,NA,NA,NA,NA
14038,QNHBEA,2025-01-18 EST,40.659,-73.847,14,44.6,33.4,40.1,NA,NA,NA,98.1,64.3,86.2,43.1,23.5,36.2,0.126,NA,NA,NA,0,0,NA,32.4,32.4,32.4,34,34,34,NA,NA,NA,NA
14039,QNHBEA,2025-01-19 EST,40.659,-73.847,14,40.6,27,35.7,NA,NA,NA,97.2,64,84.2,38.1,24.3,31.2,0.244,NA,NA,NA,0,0,NA,32.5,32.4,32.4,34,34,34,NA,NA,NA,NA
14040,QNHBEA,2025-01-20 EST,40.659,-73.847,14,27,17.4,22,NA,NA,NA,88.5,37.4,53.8,23.5,-1.1,7.2,0,NA,NA,NA,0,0,NA,32.7,32.5,32.6,34.1,34,34,NA,NA,NA,NA
14041,QNHBEA,2025-01-21 EST,40.659,-73.847,14,19.5,11.9,16.4,NA,NA,NA,55,35.4,44.2,0.9,-4.6,-1.8,0,NA,NA,NA,0,0,NA,32.8,32.7,32.7,34.2,34,34.1,NA,NA,NA,NA
14042,QNHBEA,2025-01-22 EST,40.659,-73.847,14,20.9,12.6,16.7,NA,NA,NA,51.8,32.7,43.6,1.8,-5.6,-1.8,0,NA,NA,NA,0,0,NA,32.9,32.7,32.9,34.2,34.2,34.2,NA,NA,NA,NA
14043,QNHBEA,2025-01-23 EST,40.659,-73.847,14,29.7,16,23.2,NA,NA,NA,58.4,33.5,48.8,13,1.4,6.7,0,NA,NA,NA,0,0,NA,32.9,32.7,32.7,34.2,34,34.1,NA,NA,NA,NA
14044,QNHBEA,2025-01-24 EST,40.659,-73.847,14,34,21.3,27.8,NA,NA,NA,64,32.9,47.4,12.9,7.1,10,0,NA,NA,NA,0,0,NA,32.7,32.5,32.6,34.1,34,34,NA,NA,NA,NA
14045,QNHBEA,2025-01-25 EST,40.659,-73.847,14,32.8,19.8,27.1,NA,NA,NA,71.6,34.1,52,20.2,6,11.2,0,NA,NA,NA,0,0,NA,32.5,32.2,32.3,34,33.8,33.9,NA,NA,NA,NA
14046,QNHBEA,2025-01-26 EST,40.659,-73.847,14,43.4,29.5,35.6,NA,NA,NA,68.4,30.6,50.5,21.7,14.2,18.4,0,NA,NA,NA,0,0,NA,32.4,32.3,32.4,33.8,33.8,33.8,NA,NA,NA,NA
14047,QNHBEA,2025-01-27 EST,40.659,-73.847,14,41.2,28,35.4,NA,NA,NA,74.7,22.8,45,22.8,5.7,15.1,0,NA,NA,NA,0,0,NA,32.4,32.2,32.3,33.8,33.7,33.8,NA,NA,NA,NA
14048,QNHBEA,2025-01-28 EST,40.659,-73.847,14,43.6,32.3,37.5,NA,NA,NA,73.1,29.4,43.3,26.8,11.5,16.6,0,NA,NA,NA,0,0,NA,32.4,32.3,32.4,33.8,33.7,33.8,NA,NA,NA,NA
14049,QNHBEA,2025-01-29 EST,40.659,-73.847,14,53.5,32.2,42.9,NA,NA,NA,80,27.6,45.1,31.3,8.8,22.2,0,NA,NA,NA,0,0,NA,32.4,32.4,32.4,33.8,33.7,33.8,NA,NA,NA,NA
14050,QNHBEA,2025-01-30 EST,40.659,-73.847,14,37.8,25.4,31.9,NA,NA,NA,80.1,30.2,43.4,32.2,3.9,11.4,0,NA,NA,NA,0,0,NA,32.4,32.4,32.4,33.8,33.8,33.8,NA,NA,NA,NA
14051,QNHBEA,2025-01-31 EST,40.659,-73.847,14,47.5,37.9,41.8,NA,NA,NA,99.2,77.6,94.5,46.9,31.6,40.3,0.127,NA,NA,NA,0,0,NA,32.5,32.4,32.5,33.9,33.8,33.8,NA,NA,NA,NA
14052,QNLICI,2025-01-01 EST,40.745,-73.934,70,51.2,39.9,45.8,NA,NA,NA,96.8,42.1,72,46,20.5,36.7,0,NA,NA,NA,NA,NA,NA,NA,NA,NA,NA,NA,NA,NA,NA,NA,0.3
14053,QNLICI,2025-01-02 EST,40.745,-73.934,70,43,34,38.6,NA,NA,NA,61.8,35.6,47.6,27,16.1,20.1,0,NA,NA,NA,NA,NA,NA,NA,NA,NA,NA,NA,NA,NA,NA,NA,0.4
14054,QNLICI,2025-01-03 EST,40.745,-73.934,70,38.8,30.9,34.9,NA,NA,NA,60.4,38.9,48.5,20.7,13.6,17.2,0,NA,NA,NA,NA,NA,NA,NA,NA,NA,NA,NA,NA,NA,NA,NA,0.4
14055,QNLICI,2025-01-04 EST,40.745,-73.934,70,33.6,28.4,30.9,NA,NA,NA,55.6,29.2,38.6,16.9,3.8,8.3,0,NA,NA,NA,NA,NA,NA,NA,NA,NA,NA,NA,NA,NA,NA,NA,0.5
14056,QNLICI,2025-01-05 EST,40.745,-73.934,70,33.3,27.7,29.9,NA,NA,NA,53.3,36.9,45.2,15.2,7.4,11.1,0,NA,NA,NA,NA,NA,NA,NA,NA,NA,NA,NA,NA,NA,NA,NA,0.5
14057,QNLICI,2025-01-06 EST,40.745,-73.934,70,31.2,22.2,28.8,NA,NA,NA,89.7,52.7,66.9,26.6,8.5,18.9,0.057,NA,NA,NA,NA,NA,NA,NA,NA,NA,NA,NA,NA,NA,NA,NA,0.5
14058,QNLICI,2025-01-07 EST,40.745,-73.934,70,33.4,19,26,NA,NA,NA,56.2,38.4,48.4,11.1,5.1,8.9,0,NA,NA,NA,NA,NA,NA,NA,NA,NA,NA,NA,NA,NA,NA,NA,0.6
14059,QNLICI,2025-01-08 EST,40.745,-73.934,70,30.1,22.8,25.7,NA,NA,NA,47.6,29.9,41.1,9.7,1.5,5.1,0,NA,NA,NA,NA,NA,NA,NA,NA,NA,NA,NA,NA,NA,NA,NA,0.6
14060,QNLICI,2025-01-09 EST,40.745,-73.934,70,33.8,22.7,27.4,NA,NA,NA,57.5,39.9,47.8,15.1,4.9,10.1,0,NA,NA,NA,NA,NA,NA,NA,NA,NA,NA,NA,NA,NA,NA,NA,0.5
14061,QNLICI,2025-01-10 EST,40.745,-73.934,70,40.2,27.4,33.4,NA,NA,NA,59,34,47,16.7,13.1,14.9,0,NA,NA,NA,NA,NA,NA,NA,NA,NA,NA,NA,NA,NA,NA,NA,0.4
14062,QNLICI,2025-01-11 EST,40.745,-73.934,70,36.2,28.6,32.4,NA,NA,NA,87.2,44.9,62,26.1,16.1,20.4,0.008,NA,NA,NA,NA,NA,NA,NA,NA,NA,NA,NA,NA,NA,NA,NA,0.4
14063,QNLICI,2025-01-12 EST,40.745,-73.934,70,42,30.8,36.7,NA,NA,NA,64.6,42.6,52,23.6,17,20.5,0,NA,NA,NA,NA,NA,NA,NA,NA,NA,NA,NA,NA,NA,NA,NA,0.4
14064,QNLICI,2025-01-13 EST,40.745,-73.934,70,42.7,33.7,38.3,NA,NA,NA,62.6,39.9,49.6,23,15.3,21,0,NA,NA,NA,NA,NA,NA,NA,NA,NA,NA,NA,NA,NA,NA,NA,0.4
14065,QNLICI,2025-01-14 EST,40.745,-73.934,70,35.3,25.7,30.4,NA,NA,NA,48.6,28.9,39.5,16.4,4,8.4,0,NA,NA,NA,NA,NA,NA,NA,NA,NA,NA,NA,NA,NA,NA,NA,0.4
14066,QNLICI,2025-01-15 EST,40.745,-73.934,70,32.3,23.1,27.1,NA,NA,NA,52.7,34.9,43.8,9.8,5.3,7.8,0,NA,NA,NA,NA,NA,NA,NA,NA,NA,NA,NA,NA,NA,NA,NA,0.5
14067,QNLICI,2025-01-16 EST,40.745,-73.934,70,29.7,24.5,27.4,NA,NA,NA,75.5,40,56.4,21.8,7.9,13.6,0,NA,NA,NA,NA,NA,NA,NA,NA,NA,NA,NA,NA,NA,NA,NA,0.5
14068,QNLICI,2025-01-17 EST,40.745,-73.934,70,42.1,27.2,34.7,NA,NA,NA,71.6,43.5,56.3,23.7,16.7,20.4,0,NA,NA,NA,NA,NA,NA,NA,NA,NA,NA,NA,NA,NA,NA,NA,0.4
14069,QNLICI,2025-01-18 EST,40.745,-73.934,70,45.4,35.7,41.7,NA,NA,NA,96.3,50.8,78.4,43.8,20.1,35.2,0.112,NA,NA,NA,NA,NA,NA,NA,NA,NA,NA,NA,NA,NA,NA,NA,0.3
14070,QNLICI,2025-01-19 EST,40.745,-73.934,70,42.4,25.2,36.1,NA,NA,NA,96.2,66.8,80,36.5,20,30.4,0.239,NA,NA,NA,NA,NA,NA,NA,NA,NA,NA,NA,NA,NA,NA,NA,0.4
14071,QNLICI,2025-01-20 EST,40.745,-73.934,70,26.2,17.5,21.7,NA,NA,NA,80.9,30.4,48.7,20.3,-2.8,4.7,0,NA,NA,NA,NA,NA,NA,NA,NA,NA,NA,NA,NA,NA,NA,NA,0.6
14072,QNLICI,2025-01-21 EST,40.745,-73.934,70,19.4,12.1,16.1,NA,NA,NA,51.2,29.5,39.9,-2,-7.9,-4.2,0,NA,NA,NA,NA,NA,NA,NA,NA,NA,NA,NA,NA,NA,NA,NA,0.8
14073,QNLICI,2025-01-22 EST,40.745,-73.934,70,20.6,12.4,16.8,NA,NA,NA,47.4,28.7,39.1,-1,-7.9,-4,0,NA,NA,NA,NA,NA,NA,NA,NA,NA,NA,NA,NA,NA,NA,NA,0.7
14074,QNLICI,2025-01-23 EST,40.745,-73.934,70,28.3,18.5,23.8,NA,NA,NA,55,28.6,42,10.2,-2.5,3.7,0,NA,NA,NA,NA,NA,NA,NA,NA,NA,NA,NA,NA,NA,NA,NA,0.6
14075,QNLICI,2025-01-24 EST,40.745,-73.934,70,32.9,24.9,28.6,NA,NA,NA,54.6,32.5,42.7,11.8,6.1,8.5,0,NA,NA,NA,NA,NA,NA,NA,NA,NA,NA,NA,NA,NA,NA,NA,0.5
14076,QNLICI,2025-01-25 EST,40.745,-73.934,70,32.7,22.9,28.5,NA,NA,NA,53.2,32.5,42.9,16.7,4.7,8.6,0,NA,NA,NA,NA,NA,NA,NA,NA,NA,NA,NA,NA,NA,NA,NA,0.6
14077,QNLICI,2025-01-26 EST,40.745,-73.934,70,43.5,31.7,37,NA,NA,NA,61,28.2,45,20.4,12,17,0,NA,NA,NA,NA,NA,NA,NA,NA,NA,NA,NA,NA,NA,NA,NA,0.5
14078,QNLICI,2025-01-27 EST,40.745,-73.934,70,40.6,32.4,36.7,NA,NA,NA,52.8,20.8,36.4,21.5,3,11.9,0,NA,NA,NA,NA,NA,NA,NA,NA,NA,NA,NA,NA,NA,NA,NA,0.5
14079,QNLICI,2025-01-28 EST,40.745,-73.934,70,42.4,33.7,38,NA,NA,NA,53.2,28.3,38,21.7,9.4,14.4,0,NA,NA,NA,NA,NA,NA,NA,NA,NA,NA,NA,NA,NA,NA,NA,0.4
14080,QNLICI,2025-01-29 EST,40.745,-73.934,70,52,31.6,43.1,NA,NA,NA,59.6,26.9,42.4,26,10.7,21.3,0,NA,NA,NA,NA,NA,NA,NA,NA,NA,NA,NA,NA,NA,NA,NA,0.3
14081,QNLICI,2025-01-30 EST,40.745,-73.934,70,38.4,25.2,31.9,NA,NA,NA,73.2,29.3,39.9,30.5,3.5,9.8,0,NA,NA,NA,NA,NA,NA,NA,NA,NA,NA,NA,NA,NA,NA,NA,8.2
14082,QNLICI,2025-01-31 EST,40.745,-73.934,70,48.2,38.5,43.6,NA,NA,NA,95.4,73.9,87.2,46,30.9,40.1,0.17,NA,NA,NA,NA,NA,NA,NA,NA,NA,NA,NA,NA,NA,NA,NA,1.3
14083,QNMASP,2025-01-01 EST,40.721,-73.909,22,51.4,40.2,45.9,NA,NA,NA,97.3,42.4,73.4,46.3,21,37.2,0,NA,NA,NA,0,0,0,45.9,41.7,44.1,44.9,44.4,44.6,44.4,43.9,44.1,NA
14084,QNMASP,2025-01-02 EST,40.721,-73.909,22,43.5,34.1,38.8,NA,NA,NA,62.9,36,48,27.6,16.4,20.5,0,NA,NA,NA,0,0,0,41.9,38.3,40.4,44.4,42.3,43.1,44.5,43.6,44,NA
14085,QNMASP,2025-01-03 EST,40.721,-73.909,22,39.5,31.3,35.2,NA,NA,NA,61.1,40.4,49.2,21.5,13.6,17.8,0,NA,NA,NA,0,0,0,40.5,37.2,38.4,42.3,41,41.4,43.6,42.6,43.1,NA
14086,QNMASP,2025-01-04 EST,40.721,-73.909,22,33.6,28.4,31.2,NA,NA,NA,55.5,29.7,38.6,17.3,4.2,8.6,0,NA,NA,NA,0,0,0,37.2,35.2,36.2,41,39.2,39.9,42.6,41.5,42.1,NA
14087,QNMASP,2025-01-05 EST,40.721,-73.909,22,33.9,27.9,30.1,NA,NA,NA,54.1,37.4,45.4,15.2,7.7,11.4,0,NA,NA,NA,0,0,0,36.1,34.7,35.1,39.2,38.3,38.6,41.5,40.6,41,NA
14088,QNMASP,2025-01-06 EST,40.721,-73.909,22,31.2,22.4,28.9,NA,NA,NA,91.7,53.4,67.7,27.1,9.2,19.3,0.061,NA,NA,NA,0,0,0,35.1,34.3,34.6,38.3,37.6,37.8,40.6,39.7,40.1,NA
14089,QNMASP,2025-01-07 EST,40.721,-73.909,22,33.6,19.1,26.2,NA,NA,NA,56.6,39.2,48.8,11.9,5.5,9.3,0,NA,NA,NA,0,0,0,34.8,33.3,33.9,37.6,36.7,37.1,39.7,39.2,39.5,NA
14090,QNMASP,2025-01-08 EST,40.721,-73.909,22,30.1,23,26,NA,NA,NA,47.7,31.6,41.1,10,2.6,5.4,0,NA,NA,NA,0,0,0,33.3,32.4,32.7,36.7,35.8,36.2,39.2,38.3,38.8,NA
14091,QNMASP,2025-01-09 EST,40.721,-73.909,22,34.4,22.9,27.8,NA,NA,NA,56.9,40.7,47.9,15.1,5.2,10.4,0,NA,NA,NA,0,0,0,32.4,31.6,31.9,35.9,35.1,35.4,38.3,37.6,37.9,NA
14092,QNMASP,2025-01-10 EST,40.721,-73.909,22,40,27.8,33.6,NA,NA,NA,58.6,35.1,47.1,17,14.1,15.2,0,NA,NA,NA,0,0,0,32.4,31.6,32,35.1,34.9,35,37.6,37.2,37.3,NA
14093,QNMASP,2025-01-11 EST,40.721,-73.909,22,36.3,28.6,32.5,NA,NA,NA,86.9,45.7,62.6,25.9,16.3,20.7,0.007,NA,NA,NA,0,0,0,33.6,32.4,32.9,35.6,34.9,35.2,37.2,37.2,37.2,NA
14094,QNMASP,2025-01-12 EST,40.721,-73.909,22,42.4,31,36.9,NA,NA,NA,64.3,43.3,52.4,23,17.1,20.9,0,NA,NA,NA,0,0,0,35.9,33.1,34,36,35.4,35.6,37.4,37.2,37.2,NA
14095,QNMASP,2025-01-13 EST,40.721,-73.909,22,42.3,33.7,38.1,NA,NA,NA,63.5,39.6,51.2,23.4,14.9,21.5,0,NA,NA,NA,0,0,0,36.7,33.8,34.9,36.7,36,36.2,37.8,37.4,37.6,NA
14096,QNMASP,2025-01-14 EST,40.721,-73.909,22,35.8,25.8,30.7,NA,NA,NA,52.8,29.7,39.6,17,4.7,8.7,0,NA,NA,NA,0,0,0,34.5,33.5,34,36.7,36,36.2,37.9,37.8,37.8,NA
14097,QNMASP,2025-01-15 EST,40.721,-73.909,22,32.4,23.3,27.4,NA,NA,NA,52.8,35.3,43.6,10,5.5,8,0,NA,NA,NA,0,0,0,33.6,32.5,32.8,36,35.4,35.7,37.8,37.2,37.5,NA
14098,QNMASP,2025-01-16 EST,40.721,-73.909,22,30.1,24.7,27.6,NA,NA,NA,76.3,38.6,56.4,22,7.3,13.8,0,NA,NA,NA,0,0,0,32.7,32,32.3,35.4,34.9,35,37.2,37,37.1,NA
14099,QNMASP,2025-01-17 EST,40.721,-73.909,22,42.4,27.2,34.6,NA,NA,NA,72.3,43.7,57.5,24.8,16.9,20.8,0,NA,NA,NA,0,0,0,33.1,32.2,32.5,35.1,34.9,34.9,37,36.7,36.8,NA
14100,QNMASP,2025-01-18 EST,40.721,-73.909,22,45.5,35.4,41.6,NA,NA,NA,97.1,53.9,80.2,43.9,20.9,35.6,0.104,NA,NA,NA,0,0,0,36.7,33,34.6,36.3,35.1,35.4,37.2,36.8,36.9,NA
14101,QNMASP,2025-01-19 EST,40.721,-73.909,22,41.4,25.6,36.3,NA,NA,NA,98.4,65.7,82.1,37.5,22.4,31.1,0.191,NA,NA,NA,0,0,0,37.8,35.2,36.2,37.2,36.3,36.9,37.9,37.2,37.5,NA
14102,QNMASP,2025-01-20 EST,40.721,-73.909,22,26.3,17.9,21.9,NA,NA,NA,87.3,34.1,50.5,22.3,-2.1,5.7,0,NA,NA,NA,0,0,0,35.5,34,34.9,37.2,36.5,36.8,37.9,37.9,37.9,NA
14103,QNMASP,2025-01-21 EST,40.721,-73.909,22,19.6,12.3,16.3,NA,NA,NA,52.2,31.5,41.4,-1.5,-6.8,-3.2,0,NA,NA,NA,0,0,0,34,33.1,33.4,36.5,35.6,36,37.9,37.3,37.6,NA
14104,QNMASP,2025-01-22 EST,40.721,-73.909,22,20.1,12.9,16.9,NA,NA,NA,48.3,32.2,40.4,-1.3,-5.6,-3.2,0,NA,NA,NA,0,0,0,33.1,32.2,32.6,35.6,34.9,35.2,37.4,36.9,37.1,NA
14105,QNMASP,2025-01-23 EST,40.721,-73.909,22,29.2,18,23.7,NA,NA,NA,55.7,30.5,44.1,11,-1.1,4.8,0,NA,NA,NA,0,0,0,32.3,31.6,31.9,34.9,34.5,34.7,36.9,36.3,36.6,NA
14106,QNMASP,2025-01-24 EST,40.721,-73.909,22,33,24.3,28.5,NA,NA,NA,57,33.9,44,11.9,6.9,9.1,0,NA,NA,NA,14,0,0,31.8,31.3,31.6,34.5,34.2,34.2,36.3,36,36.1,NA
14107,QNMASP,2025-01-25 EST,40.721,-73.909,22,32.3,22.2,28.2,NA,NA,NA,58.6,33.4,45.3,16.9,5.5,9.5,0,NA,NA,NA,102,0,0,31.8,30.7,31.4,34.2,34,34,36,35.8,35.9,NA
14108,QNMASP,2025-01-26 EST,40.721,-73.909,22,43.1,31.2,36.6,NA,NA,NA,60.6,29.5,46.4,20.2,13,17.5,0,NA,NA,NA,0,0,0,31.8,31.6,31.7,34,34,34,35.8,35.6,35.7,NA
14109,QNMASP,2025-01-27 EST,40.721,-73.909,22,41,32.4,36.5,NA,NA,NA,51.9,21.9,38,21,4.5,12.6,0,NA,NA,NA,0,0,0,32,31.6,31.8,34,34,34,35.6,35.5,35.6,NA
14110,QNMASP,2025-01-28 EST,40.721,-73.909,22,42.4,33.5,38,NA,NA,NA,54,29.5,39.2,21.5,10.3,15.1,0,NA,NA,NA,0,0,0,32.4,31.9,32.1,34.2,34,34,35.6,35.4,35.5,NA
14111,QNMASP,2025-01-29 EST,40.721,-73.909,22,52.7,32.1,43.2,NA,NA,NA,65.5,26.8,42.9,27.6,8.8,21.5,0,NA,NA,NA,0,0,0,36.4,32.4,33.8,35.4,34.2,34.5,36,35.6,35.7,NA
14112,QNMASP,2025-01-30 EST,40.721,-73.909,22,38.6,25.4,32.1,NA,NA,NA,74.7,30.3,40.7,31.3,3.8,10.3,0,NA,NA,NA,0,0,0,34.3,33,33.5,35.4,34.9,35.1,36.3,36,36.2,NA
14113,QNMASP,2025-01-31 EST,40.721,-73.909,22,47.4,38.7,43.4,NA,NA,NA,96.2,74.6,88.8,45.9,31.3,40.4,0.155,NA,NA,NA,0,0,0,39.2,33.3,36.1,37.2,35.1,35.8,37,36.3,36.5,NA
14114,QNSOZO,2025-01-01 EST,40.674,-73.819,32,52.3,39.9,46.3,NA,NA,NA,96.4,42.9,73.1,46.6,21.1,37.5,0,NA,NA,NA,0,0,NA,46.4,39.7,43.5,43.9,42.6,43.3,NA,NA,NA,NA
14115,QNSOZO,2025-01-02 EST,40.674,-73.819,32,44.4,33.9,38.9,NA,NA,NA,63.9,35.3,48.5,27.8,16.9,20.8,0,NA,NA,NA,0,0,NA,39.7,36.1,37.9,43.2,40.3,41.4,NA,NA,NA,NA
14116,QNSOZO,2025-01-03 EST,40.674,-73.819,32,40.3,31.4,35.4,NA,NA,NA,64.3,39.4,49.6,23,13.8,18.1,0,NA,NA,NA,0,0,NA,36.1,34.9,35.3,40.3,38.4,39.2,NA,NA,NA,NA
14117,QNSOZO,2025-01-04 EST,40.674,-73.819,32,35.1,28.2,31.4,NA,NA,NA,56.7,28.8,39,17.8,4.7,8.9,0,NA,NA,NA,0,0,NA,34.9,33.6,34.2,38.5,37.2,37.8,NA,NA,NA,NA
14118,QNSOZO,2025-01-05 EST,40.674,-73.819,32,35,27.9,30.4,NA,NA,NA,54.5,36.3,45.6,15.5,8.2,11.7,0,NA,NA,NA,0,0,NA,33.6,32.7,33.1,37.2,36.1,36.7,NA,NA,NA,NA
14119,QNSOZO,2025-01-06 EST,40.674,-73.819,32,31.1,23,28.9,NA,NA,NA,89.1,54.3,68.2,26.7,10.4,19.5,0.057,NA,NA,NA,0,0,NA,32.7,32.5,32.6,36.2,35.8,35.9,NA,NA,NA,NA
14120,QNSOZO,2025-01-07 EST,40.674,-73.819,32,34.4,19.4,26.5,NA,NA,NA,58.7,38.4,48.7,12.1,5.6,9.6,0,NA,NA,NA,0,0,NA,32.7,32.4,32.5,35.8,35.3,35.6,NA,NA,NA,NA
14121,QNSOZO,2025-01-08 EST,40.674,-73.819,32,31.4,23.1,26.3,NA,NA,NA,48,30.3,41.3,10.1,2.9,5.7,0,NA,NA,NA,205,0,NA,32.4,31.3,31.9,35.3,34.9,35,NA,NA,NA,NA
14122,QNSOZO,2025-01-09 EST,40.674,-73.819,32,35.2,22.9,28,NA,NA,NA,57.4,39.5,47.7,15.4,5.5,10.6,0,NA,NA,NA,288,0,NA,31.3,30.6,31,34.9,34.2,34.5,NA,NA,NA,NA
14123,QNSOZO,2025-01-10 EST,40.674,-73.819,32,42,27.8,34.1,NA,NA,NA,59.4,33.1,47.3,17.9,14.1,15.6,0,NA,NA,NA,288,0,NA,31.6,30.2,30.9,34.3,34,34,NA,NA,NA,NA
14124,QNSOZO,2025-01-11 EST,40.674,-73.819,32,37.1,28.9,32.8,NA,NA,NA,91.2,48.8,64.4,27,16.6,21.7,0.016,NA,NA,NA,288,0,NA,31.8,31.6,31.7,34,34,34,NA,NA,NA,NA
14125,QNSOZO,2025-01-12 EST,40.674,-73.819,32,44.2,30.9,37.1,NA,NA,NA,64.8,41.1,52.5,23.1,17.1,21.1,0,NA,NA,NA,288,0,NA,31.8,31,31.5,34,33.9,34,NA,NA,NA,NA
14126,QNSOZO,2025-01-13 EST,40.674,-73.819,32,43.1,32.8,38,NA,NA,NA,73.3,41.1,54,25.4,15,22.5,0,NA,NA,NA,288,0,NA,31.9,31.6,31.8,34,33.9,34,NA,NA,NA,NA
14127,QNSOZO,2025-01-14 EST,40.674,-73.819,32,36.3,25.9,31.2,NA,NA,NA,51.4,27.9,39.4,16.4,4.9,9,0,NA,NA,NA,288,0,NA,31.9,30.9,31.4,34,33.8,33.9,NA,NA,NA,NA
14128,QNSOZO,2025-01-15 EST,40.674,-73.819,32,34.1,23.4,27.8,NA,NA,NA,53.3,33.5,43.6,10.6,5.8,8.2,0,NA,NA,NA,288,0,NA,31.1,29.7,30.4,33.8,33.4,33.6,NA,NA,NA,NA
14129,QNSOZO,2025-01-16 EST,40.674,-73.819,32,30.8,24.7,27.9,NA,NA,NA,77,39.7,56.7,22.5,8.8,14.2,0,NA,NA,NA,288,0,NA,31.3,28.9,30.2,33.4,33.1,33.1,NA,NA,NA,NA
14130,QNSOZO,2025-01-17 EST,40.674,-73.819,32,43.1,26.9,34.5,NA,NA,NA,75.1,42.3,60,29.2,17,21.7,0,NA,NA,NA,288,1,NA,31.5,29.8,30.8,33.1,33,33.1,NA,NA,NA,NA
14131,QNSOZO,2025-01-18 EST,40.674,-73.819,32,45.5,34.6,41.3,NA,NA,NA,97.8,59.9,84,44,22.6,36.7,0.144,NA,NA,NA,288,0,NA,31.8,31.1,31.4,33.1,33.1,33.1,NA,NA,NA,NA
14132,QNSOZO,2025-01-19 EST,40.674,-73.819,32,41.2,26.9,36.1,NA,NA,NA,97.5,65.8,84.2,38.8,24.1,31.6,0.274,NA,NA,NA,121,0,NA,32,31.8,31.9,33.1,33.1,33.1,NA,NA,NA,NA
14133,QNSOZO,2025-01-20 EST,40.674,-73.819,32,28,17.9,22.3,NA,NA,NA,89.6,36.3,54.6,23.9,-0.5,7.8,0,NA,NA,NA,0,0,NA,32,32,32,33.3,33.1,33.2,NA,NA,NA,NA
14134,QNSOZO,2025-01-21 EST,40.674,-73.819,32,20.3,12.7,16.9,NA,NA,NA,55.8,35.1,43.4,0.2,-3.8,-1.7,0,NA,NA,NA,0,0,NA,32.1,32,32,33.4,33.3,33.3,NA,NA,NA,NA
14135,QNSOZO,2025-01-22 EST,40.674,-73.819,32,21.6,13.4,17.5,NA,NA,NA,52.2,30.7,42,0.9,-6.6,-1.9,0,NA,NA,NA,25,0,NA,32.1,31.8,32,33.4,33.4,33.4,NA,NA,NA,NA
14136,QNSOZO,2025-01-23 EST,40.674,-73.819,32,30.2,17.8,24.1,NA,NA,NA,52.8,30.6,46.4,13.4,1.1,6.3,0,NA,NA,NA,288,0,NA,31.8,31.6,31.7,33.5,33.4,33.4,NA,NA,NA,NA
14137,QNSOZO,2025-01-24 EST,40.674,-73.819,32,34.8,23,28.6,NA,NA,NA,62.1,32.1,45.9,12.8,6.9,10,0,NA,NA,NA,288,0,NA,31.6,31.6,31.6,33.5,33.4,33.4,NA,NA,NA,NA
14138,QNSOZO,2025-01-25 EST,40.674,-73.819,32,32.9,22.8,28.4,NA,NA,NA,66.9,32.6,48.2,18.4,5.6,10.8,0,NA,NA,NA,288,0,NA,31.6,31.2,31.5,33.4,33.3,33.3,NA,NA,NA,NA
14139,QNSOZO,2025-01-26 EST,40.674,-73.819,32,44.2,30.5,36.3,NA,NA,NA,63.3,29.4,48.4,21,13.6,18.2,0,NA,NA,NA,288,0,NA,31.7,31.5,31.6,33.3,33.3,33.3,NA,NA,NA,NA
14140,QNSOZO,2025-01-27 EST,40.674,-73.819,32,41.6,31.3,36.1,NA,NA,NA,61,20.9,41.5,22.3,3.8,13.9,0,NA,NA,NA,288,0,NA,31.6,31.5,31.6,33.3,33.2,33.3,NA,NA,NA,NA
14141,QNSOZO,2025-01-28 EST,40.674,-73.819,32,43.1,32.8,38,NA,NA,NA,66.3,29.1,40.8,26,11.4,15.8,0,NA,NA,NA,288,0,NA,31.8,31.6,31.7,33.3,33.2,33.2,NA,NA,NA,NA
14142,QNSOZO,2025-01-29 EST,40.674,-73.819,32,53.5,32.4,43.2,NA,NA,NA,76,26.2,44.3,31.6,8.9,22.2,0,NA,NA,NA,239,0,NA,32,31.8,31.8,33.3,33.2,33.3,NA,NA,NA,NA
14143,QNSOZO,2025-01-30 EST,40.674,-73.819,32,38.4,26,32.4,NA,NA,NA,76.1,29.5,41.5,31.3,4.1,11,0,NA,NA,NA,194,0,NA,32,31.6,31.9,33.3,33.2,33.3,NA,NA,NA,NA
14144,QNSOZO,2025-01-31 EST,40.674,-73.819,32,47.9,38.3,42.8,NA,NA,NA,98.4,75.8,92.6,46.6,31.5,40.7,0.129,NA,NA,NA,168,0,NA,32,31.8,31.9,33.3,33.3,33.3,NA,NA,NA,NA
14145,QNTLCC,2025-01-01 EST,40.749,-73.953,82,50.6,39.9,45.8,NA,NA,NA,95.9,43.1,72,45.8,21.2,36.7,0,NA,NA,NA,NA,NA,NA,NA,NA,NA,NA,NA,NA,NA,NA,NA,4.4
14146,QNTLCC,2025-01-02 EST,40.749,-73.953,82,42.6,34.1,38.6,NA,NA,NA,63.2,37.3,48.5,27.5,16.8,20.7,0,NA,NA,NA,NA,NA,NA,NA,NA,NA,NA,NA,NA,NA,NA,NA,6.2
14147,QNTLCC,2025-01-03 EST,40.749,-73.953,82,38.5,31.2,34.9,NA,NA,NA,61.4,41.2,49.7,21.6,14,17.8,0,NA,NA,NA,NA,NA,NA,NA,NA,NA,NA,NA,NA,NA,NA,NA,8
14148,QNTLCC,2025-01-04 EST,40.749,-73.953,82,33.6,28.4,31.1,NA,NA,NA,55.9,31.3,39.8,17.3,5,9.2,0,NA,NA,NA,NA,NA,NA,NA,NA,NA,NA,NA,NA,NA,NA,NA,6.8
14149,QNTLCC,2025-01-05 EST,40.749,-73.953,82,33.1,27.8,30,NA,NA,NA,53.6,39.2,46.1,15.7,8.2,11.7,0,NA,NA,NA,NA,NA,NA,NA,NA,NA,NA,NA,NA,NA,NA,NA,8.7
14150,QNTLCC,2025-01-06 EST,40.749,-73.953,82,32.9,22.1,29.1,NA,NA,NA,91.7,52.9,66.5,27.3,8.5,19.1,0.06,NA,NA,NA,NA,NA,NA,NA,NA,NA,NA,NA,NA,NA,NA,NA,1.2
14151,QNTLCC,2025-01-07 EST,40.749,-73.953,82,33,19.3,26.1,NA,NA,NA,56.2,39.6,48.9,11.7,5.6,9.3,0,NA,NA,NA,NA,NA,NA,NA,NA,NA,NA,NA,NA,NA,NA,NA,9.6
14152,QNTLCC,2025-01-08 EST,40.749,-73.953,82,29.9,23.2,26,NA,NA,NA,47.9,32.1,42.2,10,3.1,5.9,0,NA,NA,NA,NA,NA,NA,NA,NA,NA,NA,NA,NA,NA,NA,NA,9
14153,QNTLCC,2025-01-09 EST,40.749,-73.953,82,33.7,23,27.5,NA,NA,NA,57.3,42.2,48.8,15.7,5.9,10.6,0,NA,NA,NA,NA,NA,NA,NA,NA,NA,NA,NA,NA,NA,NA,NA,9.5
14154,QNTLCC,2025-01-10 EST,40.749,-73.953,82,39.3,27.6,33.3,NA,NA,NA,58.4,36.7,47.7,18.1,13.7,15.2,0,NA,NA,NA,NA,NA,NA,NA,NA,NA,NA,NA,NA,NA,NA,NA,8.6
14155,QNTLCC,2025-01-11 EST,40.749,-73.953,82,37.1,28.7,32.3,NA,NA,NA,85.9,43.9,61.9,26.4,16.3,20.3,0.012,NA,NA,NA,NA,NA,NA,NA,NA,NA,NA,NA,NA,NA,NA,NA,4.2
14156,QNTLCC,2025-01-12 EST,40.749,-73.953,82,41.8,31.1,36.7,NA,NA,NA,63.7,44.8,52.4,23.6,17.2,20.7,0,NA,NA,NA,NA,NA,NA,NA,NA,NA,NA,NA,NA,NA,NA,NA,8.6
14157,QNTLCC,2025-01-13 EST,40.749,-73.953,82,42.5,34,38.3,NA,NA,NA,59.7,40.5,49.5,22.9,15.8,21,0,NA,NA,NA,NA,NA,NA,NA,NA,NA,NA,NA,NA,NA,NA,NA,4.5
14158,QNTLCC,2025-01-14 EST,40.749,-73.953,82,35.2,25.6,30.5,NA,NA,NA,51.1,30.8,40.6,16.6,4.6,9.2,0,NA,NA,NA,NA,NA,NA,NA,NA,NA,NA,NA,NA,NA,NA,NA,9.9
14159,QNTLCC,2025-01-15 EST,40.749,-73.953,82,31.9,23.2,27.1,NA,NA,NA,53.2,36.2,44.5,10.2,5.9,8.2,0,NA,NA,NA,NA,NA,NA,NA,NA,NA,NA,NA,NA,NA,NA,NA,9.6
14160,QNTLCC,2025-01-16 EST,40.749,-73.953,82,30.1,24.1,27.4,NA,NA,NA,76.7,40.3,56.9,22.1,7.9,13.8,0,NA,NA,NA,NA,NA,NA,NA,NA,NA,NA,NA,NA,NA,NA,NA,6.1
14161,QNTLCC,2025-01-17 EST,40.749,-73.953,82,42.4,27.3,34.9,NA,NA,NA,73.5,42.6,56.1,23.9,17.4,20.4,0,NA,NA,NA,NA,NA,NA,NA,NA,NA,NA,NA,NA,NA,NA,NA,9.1
14162,QNTLCC,2025-01-18 EST,40.749,-73.953,82,47.1,36.5,42.1,NA,NA,NA,96,48.5,76.1,44.2,19.7,34.8,0.093,NA,NA,NA,NA,NA,NA,NA,NA,NA,NA,NA,NA,NA,NA,NA,1.9
14163,QNTLCC,2025-01-19 EST,40.749,-73.953,82,42.1,25.3,36,NA,NA,NA,97.7,69.4,80.3,36.7,20.2,30.3,0.221,NA,NA,NA,NA,NA,NA,NA,NA,NA,NA,NA,NA,NA,NA,NA,2.7
14164,QNTLCC,2025-01-20 EST,40.749,-73.953,82,26.2,17.6,21.8,NA,NA,NA,79.3,31.5,49.5,19.4,-2,5.2,0,NA,NA,NA,NA,NA,NA,NA,NA,NA,NA,NA,NA,NA,NA,NA,9.6
14165,QNTLCC,2025-01-21 EST,40.749,-73.953,82,20.1,12.1,16.2,NA,NA,NA,54.7,30.3,41.7,-0.4,-7.1,-3.2,0,NA,NA,NA,NA,NA,NA,NA,NA,NA,NA,NA,NA,NA,NA,NA,6.3
14166,QNTLCC,2025-01-22 EST,40.749,-73.953,82,21.7,11.9,17,NA,NA,NA,49.2,27.9,39.3,-0.3,-7.9,-3.8,0,NA,NA,NA,NA,NA,NA,NA,NA,NA,NA,NA,NA,NA,NA,NA,9.9
14167,QNTLCC,2025-01-23 EST,40.749,-73.953,82,28.3,19.4,24.3,NA,NA,NA,55.9,28.4,42.3,10.5,-2,4.4,0,NA,NA,NA,NA,NA,NA,NA,NA,NA,NA,NA,NA,NA,NA,NA,8.8
14168,QNTLCC,2025-01-24 EST,40.749,-73.953,82,33.3,25,28.7,NA,NA,NA,56.3,33.3,43.4,12.3,6.2,8.9,0,NA,NA,NA,NA,NA,NA,NA,NA,NA,NA,NA,NA,NA,NA,NA,11
14169,QNTLCC,2025-01-25 EST,40.749,-73.953,82,33.5,22.6,28.7,NA,NA,NA,52.4,33.3,42.7,16.9,5.5,8.7,0,NA,NA,NA,NA,NA,NA,NA,NA,NA,NA,NA,NA,NA,NA,NA,10.1
14170,QNTLCC,2025-01-26 EST,40.749,-73.953,82,43.2,32.1,37.4,NA,NA,NA,58.8,28.7,44,19.7,12.1,16.9,0,NA,NA,NA,NA,NA,NA,NA,NA,NA,NA,NA,NA,NA,NA,NA,5.9
14171,QNTLCC,2025-01-27 EST,40.749,-73.953,82,40.4,32.3,36.7,NA,NA,NA,50.2,21.2,36.5,21.1,3.4,12,0,NA,NA,NA,NA,NA,NA,NA,NA,NA,NA,NA,NA,NA,NA,NA,11.5
14172,QNTLCC,2025-01-28 EST,40.749,-73.953,82,41.8,34.8,38,NA,NA,NA,50.7,29.6,38.1,21.2,9.6,14.5,0,NA,NA,NA,NA,NA,NA,NA,NA,NA,NA,NA,NA,NA,NA,NA,10.6
14173,QNTLCC,2025-01-29 EST,40.749,-73.953,82,51.6,31.7,42.9,NA,NA,NA,54.3,27.8,42.5,25.4,10.9,21.3,0,NA,NA,NA,NA,NA,NA,NA,NA,NA,NA,NA,NA,NA,NA,NA,9.1
14174,QNTLCC,2025-01-30 EST,40.749,-73.953,82,38.7,25.2,31.9,NA,NA,NA,68,30.2,40.1,29.1,4,9.9,0,NA,NA,NA,NA,NA,NA,NA,NA,NA,NA,NA,NA,NA,NA,NA,11.4
14175,QNTLCC,2025-01-31 EST,40.749,-73.953,82,48.8,38.4,43.9,NA,NA,NA,92.8,68.7,84.8,46.1,29.2,39.6,0.141,NA,NA,NA,NA,NA,NA,NA,NA,NA,NA,NA,NA,NA,NA,NA,1.6
14176,SIFKIL,2025-01-01 EST,40.587,-74.197,16,50.1,39.6,45.4,49.8,39.8,45.5,98,45.9,75.2,47.5,22.6,37.4,0,9.6,39,284.1,0,0,0,47.1,38.7,43.8,44.8,43,44.1,45.1,44.4,44.9,3.8
14177,SIFKIL,2025-01-02 EST,40.587,-74.197,16,43.1,33.6,38.2,42.3,33.8,38.2,65.5,39.6,51.7,28.8,17.5,21.8,0,12.7,35.1,285.2,0,0,0,40.8,34.2,37.5,43,40.1,41.2,45.1,43.5,44.3,6.2
14178,SIFKIL,2025-01-03 EST,40.587,-74.197,16,38.5,29.4,34.1,37.8,29.6,34,76.5,42.1,55.5,24.8,15.7,19.4,0,8.8,27.6,282.2,0,0,0,38,33.1,34.5,40,38.8,39.3,43.5,42.4,42.8,7.6
14179,SIFKIL,2025-01-04 EST,40.587,-74.197,16,34.1,27.8,30.7,33.2,28,30.7,65.2,33.3,44,19.6,5.1,11.1,0,10.1,33.1,298.5,189,0,0,34.4,32,32.8,39.2,37.2,38,42.4,41.3,41.8,5.5
14180,SIFKIL,2025-01-05 EST,40.587,-74.197,16,33.7,26.8,29.6,33.4,26.8,29.4,56.1,39.5,48.4,14.7,10.1,12.3,0,8.8,27,289.7,288,0,0,32.4,31.5,32,37.2,36.5,36.9,41.3,40.5,40.8,8.6
14181,SIFKIL,2025-01-06 EST,40.587,-74.197,16,30.2,22,27.8,30.4,22.1,27.8,93.7,54,69.4,26.5,8.9,18.8,0.081,5.6,26.3,339.5,288,0,0,32.3,31.5,31.9,37.2,36.8,37,40.5,40,40.2,1.9
14182,SIFKIL,2025-01-07 EST,40.587,-74.197,16,33.4,18.5,26.1,33.4,18.6,26.1,60.8,41.1,50.7,13.9,6.3,10.1,0,10.6,34.2,327.3,288,0,0,32.2,31.1,31.5,36.9,35.8,36.1,40.1,39.6,39.8,8.5
14183,SIFKIL,2025-01-08 EST,40.587,-74.197,16,30.2,22,25.9,29.7,22.1,25.8,51.9,31.5,43.6,11.1,2.5,6.5,0,10.1,33.3,312.6,288,0,0,31.1,28.2,30.1,36.1,35.8,36,39.6,39.1,39.3,8
14184,SIFKIL,2025-01-09 EST,40.587,-74.197,16,34.3,21.9,27.5,34.2,22,27.5,57.9,40.7,49,15.6,5.4,10.7,0,10.5,34.6,322.9,288,0,0,31.2,26.8,28.5,35.8,34.9,35.1,39.2,38.3,38.6,8.4
14185,SIFKIL,2025-01-10 EST,40.587,-74.197,16,39.6,26.5,32.5,39.3,26.6,32.5,58.5,36.4,49.1,17.7,13.5,15.1,0,6.8,25.4,329.8,288,0,0,32.2,27.4,29.8,35.1,34.7,34.9,38.3,37.9,38.1,7.5
14186,SIFKIL,2025-01-11 EST,40.587,-74.197,16,36.5,27.1,31.2,36.1,27,31.2,91.4,50.8,65.1,25.4,15.7,20.4,0.012,6.5,27.4,327.6,288,0,0,32.2,31.3,31.8,35.7,35.1,35.4,38.3,37.9,38.1,4.7
14187,SIFKIL,2025-01-12 EST,40.587,-74.197,16,42.6,29.2,36,41.5,30,36.1,68.7,45.2,56.3,24.7,18.7,21.7,0,4.5,19.1,311.6,288,0,0,32.5,31.1,31.9,36,35.6,35.7,38.4,38.3,38.3,7.6
14188,SIFKIL,2025-01-13 EST,40.587,-74.197,16,42.8,29.2,36,42.7,30.1,36.3,75.4,46.9,58.4,24.8,17.5,22.6,0,5.2,22.8,258.8,179,0,0,35.8,31.8,33.1,36.7,35.8,36.1,38.8,38.4,38.5,3.6
14189,SIFKIL,2025-01-14 EST,40.587,-74.197,16,34.3,24.2,30,34.7,24.2,29.9,54.1,32.3,42,16.9,5.7,9.5,0,9.9,30.5,294.4,288,0,0,32.7,30.6,31.8,36.4,35.1,35.7,38.8,38.5,38.7,8.7
14190,SIFKIL,2025-01-15 EST,40.587,-74.197,16,33,21.7,26.9,32.8,21.8,26.9,59.7,35.3,46.7,11.1,6.5,8.9,0,8.2,28.5,319,288,0,0,32.1,27.1,29.6,35.1,34.2,34.5,38.5,37.9,38.2,8.2
14191,SIFKIL,2025-01-16 EST,40.587,-74.197,16,30,21.6,26.1,29.4,21.6,26,88.6,39.1,62.4,23.6,7.4,14.5,0.002,5.9,18.6,252.9,288,0,0,32.1,25.2,29.1,34.5,33.8,34.1,37.9,37.2,37.5,6.3
14192,SIFKIL,2025-01-17 EST,40.587,-74.197,16,41.9,24,32,41.5,24.3,32.2,87.7,46.8,64.6,24.8,18.9,22.1,0,4.6,17.8,273.9,288,0,0,32.4,26.8,29.8,34.5,34,34.2,37.2,37.2,37.2,8.4
14193,SIFKIL,2025-01-18 EST,40.587,-74.197,16,45.9,30.8,38.8,45.7,31.6,39.3,98.8,62.9,83,42.5,20.1,33.9,0.056,3.2,16.4,194.1,201,0,0,33.3,28.6,31.3,34.9,34.3,34.6,37.2,37.2,37.2,1.9
14194,SIFKIL,2025-01-19 EST,40.587,-74.197,16,39.3,23,34.1,39,23.1,34.5,99.1,71.6,88.5,36.1,18.4,30.9,0.254,5.4,22.1,1.4,123,0,0,37.2,32.4,33.8,36.5,34.9,35.8,38.1,37.2,37.5,2.1
14195,SIFKIL,2025-01-20 EST,40.587,-74.197,16,26.5,15.3,20.8,26,15.6,20.9,82.4,38.5,53.7,18.4,-1.3,6.3,0,7.8,29.2,299.8,49,0,0,33.6,32.6,33.2,36.1,36,36,38.1,38.1,38.1,9.5
14196,SIFKIL,2025-01-21 EST,40.587,-74.197,16,18.4,9.8,14.8,18.2,10,14.7,60.6,34,47,0.8,-5.4,-2.1,0,5.9,15.8,280,288,0,0,32.6,32,32.4,36,35.7,35.8,38.1,37.8,37.9,6.2
14197,SIFKIL,2025-01-22 EST,40.587,-74.197,16,20.8,8.4,15.3,20.1,10.4,15.5,59.5,28.5,42.8,1.1,-8.6,-3.8,0,3.7,15.6,318,288,0,0,32,30,31.1,35.7,35.2,35.4,37.8,37.4,37.7,9
14198,SIFKIL,2025-01-23 EST,40.587,-74.197,16,28.6,11.3,20.5,28.4,12.8,20.8,78.4,25.1,48.3,8.1,-6.4,3.1,0,3.3,14,261.3,288,0,0,31.1,28.9,29.8,35.2,34.9,34.9,37.4,37.2,37.3,8.4
14199,SIFKIL,2025-01-24 EST,40.587,-74.197,16,32.8,18.4,25.6,32.6,19.1,26,69.4,37.2,52.5,14.8,6.9,10.2,0,5.4,18.6,284,288,0,0,31.3,28.4,29.6,34.9,34.5,34.6,37.2,36.9,37,9.8
14200,SIFKIL,2025-01-25 EST,40.587,-74.197,16,31.9,17.3,25.7,32,17.9,26.1,75,33.5,52.2,17.4,6.2,10.1,0,4.7,20.2,256.4,288,0,0,30.7,27.3,29,34.6,34,34.2,36.9,36.5,36.7,9.5
14201,SIFKIL,2025-01-26 EST,40.587,-74.197,16,43.1,26.2,34.3,43,28.8,34.8,69.3,30.8,52.8,21.2,13.5,18.2,0,5.1,25.2,265.6,288,0,0,32.2,29.5,31,34.5,34.2,34.3,36.5,36.4,36.5,5.3
14202,SIFKIL,2025-01-27 EST,40.587,-74.197,16,41.2,28.9,34.5,41.2,29.5,34.8,61.9,20.8,43.7,21.9,3.8,13.5,0,6.4,23.5,252.3,288,0,0,32.2,28.9,30.6,34.5,34.5,34.5,36.6,36.5,36.5,10.3
14203,SIFKIL,2025-01-28 EST,40.587,-74.197,16,43.1,31.4,37.5,42.4,32.6,37.9,64.5,28.2,44,22.4,10.8,17,0,7.1,32,280.3,288,0,0,32.4,30.4,31.6,34.7,34.5,34.6,36.7,36.5,36.7,8.1
14204,SIFKIL,2025-01-29 EST,40.587,-74.197,16,52.6,31.5,41.6,52,32.9,41.8,67.6,29.6,46.5,27.3,10.6,21.7,0,9.8,42.7,284,180,0,0,34.9,31.6,32.8,35.4,34.3,34.9,36.9,36.7,36.7,9.2
14205,SIFKIL,2025-01-30 EST,40.587,-74.197,16,37.5,25.6,31.8,36.5,25.8,31.6,78.5,30.3,43.3,27.2,5.4,11.4,0,6.1,30,316.5,277,0,0,33.1,31.6,32.2,35.2,34.5,34.8,37,36.9,37,10.2
14206,SIFKIL,2025-01-31 EST,40.587,-74.197,16,46.1,30.7,39.9,46.5,33.6,40.2,99.1,78.2,92.1,45.6,25,37.8,0.131,2,11.6,220,128,0,0,41,32.4,36,37.8,34.9,35.8,37.9,37,37.2,1.5
